BALANCE_DATE,BALANCE,AMOUNT_USD,POOL_NAME,SYMBOL,USER_ADDRESS
2021-08-01T00:00:00Z,8296523.7588179,8303984.327378,DAI-USDT 500 10 UNI-V3 LP,DAI,0x6f48eca74b38d2936b02ab603ff4e36a6c0e3a77
2021-08-01T00:00:00Z,6489170.108187,6490756.313210525,DAI-USDT 500 10 UNI-V3 LP,USDT,0x6f48eca74b38d2936b02ab603ff4e36a6c0e3a77
2021-08-03T00:00:00Z,67704125.135933,67721128.44472368,USDC-USDT 500 10 UNI-V3 LP,USDC,0x7858e59e0c01ea06df3af3d20ac7b0003275d4bf
2021-08-03T00:00:00Z,56916460.330758,56940884.15495766,USDC-USDT 500 10 UNI-V3 LP,USDT,0x7858e59e0c01ea06df3af3d20ac7b0003275d4bf
2021-08-05T00:00:00Z,9,9.009690992159612,DAI-USDT 3000 60 UNI-V3 LP,DAI,0x4773e2c1c0b400a16dfec4ca6e305141859a5542
2021-08-05T00:00:00Z,0.000002,0.000002000637700266133,DAI-USDT 3000 60 UNI-V3 LP,USDT,0x4773e2c1c0b400a16dfec4ca6e305141859a5542
2021-08-17T00:00:00Z,9,9.00642862600898,DAI-USDT 3000 60 UNI-V3 LP,DAI,0x4773e2c1c0b400a16dfec4ca6e305141859a5542
2021-08-17T00:00:00Z,0.000002,0.0000020006604163552813,DAI-USDT 3000 60 UNI-V3 LP,USDT,0x4773e2c1c0b400a16dfec4ca6e305141859a5542
2021-08-14T00:00:00Z,88642017.95622,88630371.46160583,USDC-USDT 500 10 UNI-V3 LP,USDC,0x7858e59e0c01ea06df3af3d20ac7b0003275d4bf
2021-08-14T00:00:00Z,41092091.596029,41112458.257635675,USDC-USDT 500 10 UNI-V3 LP,USDT,0x7858e59e0c01ea06df3af3d20ac7b0003275d4bf
2021-08-15T00:00:00Z,64917141.2734418,64976613.3116825,DAI-USDC 500 10 UNI-V3 LP,DAI,0x6c6bc977e13df9b0de53b251522280bb72383700
2021-08-15T00:00:00Z,46535142.920273,46539952.20649981,DAI-USDC 500 10 UNI-V3 LP,USDC,0x6c6bc977e13df9b0de53b251522280bb72383700
2021-08-22T00:00:00Z,13412.334799,13414.224292833302,USDC-USDT 10000 200 UNI-V3 LP,USDC,0xbb256c2f1b677e27118b0345fd2b3894d2e6d487
2021-08-22T00:00:00Z,19762.791071,19779.19977686062,USDC-USDT 10000 200 UNI-V3 LP,USDT,0xbb256c2f1b677e27118b0345fd2b3894d2e6d487
2021-08-22T00:00:00Z,4836.778424,4837.459816400515,USDC-USDT 3000 60 UNI-V3 LP,USDC,0xee4cf3b78a74affa38c6a926282bcd8b5952818d
2021-08-22T00:00:00Z,13650.395855,13661.72954413637,USDC-USDT 3000 60 UNI-V3 LP,USDT,0xee4cf3b78a74affa38c6a926282bcd8b5952818d
2021-08-25T00:00:00Z,4836.778424,4837.529867383758,USDC-USDT 3000 60 UNI-V3 LP,USDC,0xee4cf3b78a74affa38c6a926282bcd8b5952818d
2021-08-25T00:00:00Z,13650.395855,13654.428542415915,USDC-USDT 3000 60 UNI-V3 LP,USDT,0xee4cf3b78a74affa38c6a926282bcd8b5952818d
2021-08-20T00:00:00Z,52.0580510254736,52.08588740436644,DAI-USDC 10000 200 UNI-V3 LP,DAI,0x6958686b6348c3d6d5f2dca3106a5c09c156873a
2021-08-20T00:00:00Z,31.270882,31.267919274527845,DAI-USDC 10000 200 UNI-V3 LP,USDC,0x6958686b6348c3d6d5f2dca3106a5c09c156873a
2021-08-22T00:00:00Z,9,9.005957302937446,DAI-USDT 3000 60 UNI-V3 LP,DAI,0x4773e2c1c0b400a16dfec4ca6e305141859a5542
2021-08-22T00:00:00Z,0.000002,0.000002001660565635863,DAI-USDT 3000 60 UNI-V3 LP,USDT,0x4773e2c1c0b400a16dfec4ca6e305141859a5542
2021-08-21T00:00:00Z,57295320.506813,57340122.277261525,DAI-USDC 500 10 UNI-V3 LP,DAI,0x6c6bc977e13df9b0de53b251522280bb72383700
2021-08-21T00:00:00Z,40024239.798321,40025299.51740888,DAI-USDC 500 10 UNI-V3 LP,USDC,0x6c6bc977e13df9b0de53b251522280bb72383700
2021-08-20T00:00:00Z,9682.96825151474,9688.145909297675,DAI-USDC 3000 60 UNI-V3 LP,DAI,0xa63b490aa077f541c9d64bfc1cc0db2a752157b5
2021-08-20T00:00:00Z,6092.930082,6092.352814011397,DAI-USDC 3000 60 UNI-V3 LP,USDC,0xa63b490aa077f541c9d64bfc1cc0db2a752157b5
2021-08-25T00:00:00Z,78119774.205417,78131910.9175674,USDC-USDT 500 10 UNI-V3 LP,USDC,0x7858e59e0c01ea06df3af3d20ac7b0003275d4bf
2021-08-25T00:00:00Z,61198943.310871,61217023.09486983,USDC-USDT 500 10 UNI-V3 LP,USDT,0x7858e59e0c01ea06df3af3d20ac7b0003275d4bf
2021-08-27T00:00:00Z,52.0580510254736,52.09981222504299,DAI-USDC 10000 200 UNI-V3 LP,DAI,0x6958686b6348c3d6d5f2dca3106a5c09c156873a
2021-08-27T00:00:00Z,31.270882,31.279096669668018,DAI-USDC 10000 200 UNI-V3 LP,USDC,0x6958686b6348c3d6d5f2dca3106a5c09c156873a
2021-08-27T00:00:00Z,13412.334799,13415.858137415931,USDC-USDT 10000 200 UNI-V3 LP,USDC,0xbb256c2f1b677e27118b0345fd2b3894d2e6d487
2021-08-27T00:00:00Z,19762.791071,19774.104153803826,USDC-USDT 10000 200 UNI-V3 LP,USDT,0xbb256c2f1b677e27118b0345fd2b3894d2e6d487
2021-08-01T00:00:00Z,9589.79136426726,9598.414891184077,DAI-USDC 3000 60 UNI-V3 LP,DAI,0xa63b490aa077f541c9d64bfc1cc0db2a752157b5
2021-08-01T00:00:00Z,5588.993017,5587.445796381734,DAI-USDC 3000 60 UNI-V3 LP,USDC,0xa63b490aa077f541c9d64bfc1cc0db2a752157b5
2021-08-01T00:00:00Z,57838307.979715,57890318.517456695,DAI-USDC 500 10 UNI-V3 LP,DAI,0x6c6bc977e13df9b0de53b251522280bb72383700
2021-08-01T00:00:00Z,57924062.314996,57908026.992848545,DAI-USDC 500 10 UNI-V3 LP,USDC,0x6c6bc977e13df9b0de53b251522280bb72383700
2021-08-03T00:00:00Z,64297468.6576691,64381443.01427995,DAI-USDC 500 10 UNI-V3 LP,DAI,0x6c6bc977e13df9b0de53b251522280bb72383700
2021-08-03T00:00:00Z,49429124.565959,49441538.26551661,DAI-USDC 500 10 UNI-V3 LP,USDC,0x6c6bc977e13df9b0de53b251522280bb72383700
2021-08-10T00:00:00Z,4228.098514,4227.888891569226,USDC-USDT 3000 60 UNI-V3 LP,USDC,0xee4cf3b78a74affa38c6a926282bcd8b5952818d
2021-08-10T00:00:00Z,14257.337402,14262.277376695149,USDC-USDT 3000 60 UNI-V3 LP,USDT,0xee4cf3b78a74affa38c6a926282bcd8b5952818d
2021-08-09T00:00:00Z,12069826.4377059,12081504.505708283,DAI-USDT 500 10 UNI-V3 LP,DAI,0x6f48eca74b38d2936b02ab603ff4e36a6c0e3a77
2021-08-09T00:00:00Z,3320926.402071,3321786.233372254,DAI-USDT 500 10 UNI-V3 LP,USDT,0x6f48eca74b38d2936b02ab603ff4e36a6c0e3a77
2021-08-12T00:00:00Z,102926731.230185,102936127.75089417,USDC-USDT 500 10 UNI-V3 LP,USDC,0x7858e59e0c01ea06df3af3d20ac7b0003275d4bf
2021-08-12T00:00:00Z,21563702.002959,21576047.556259003,USDC-USDT 500 10 UNI-V3 LP,USDT,0x7858e59e0c01ea06df3af3d20ac7b0003275d4bf
2021-08-18T00:00:00Z,83621245.288865,83634930.04645999,USDC-USDT 500 10 UNI-V3 LP,USDC,0x7858e59e0c01ea06df3af3d20ac7b0003275d4bf
2021-08-18T00:00:00Z,45075657.74652,45091136.32515705,USDC-USDT 500 10 UNI-V3 LP,USDT,0x7858e59e0c01ea06df3af3d20ac7b0003275d4bf
2021-08-21T00:00:00Z,4201.436889,4201.548130160112,USDC-USDT 3000 60 UNI-V3 LP,USDC,0xee4cf3b78a74affa38c6a926282bcd8b5952818d
2021-08-21T00:00:00Z,14284.141853,14292.114076226035,USDC-USDT 3000 60 UNI-V3 LP,USDT,0xee4cf3b78a74affa38c6a926282bcd8b5952818d
2021-08-19T00:00:00Z,52.0580510254736,52.10593776452478,DAI-USDC 10000 200 UNI-V3 LP,DAI,0x6958686b6348c3d6d5f2dca3106a5c09c156873a
2021-08-19T00:00:00Z,31.270882,31.2753912937136,DAI-USDC 10000 200 UNI-V3 LP,USDC,0x6958686b6348c3d6d5f2dca3106a5c09c156873a
2021-08-22T00:00:00Z,58898720.4683672,58937706.8595292,DAI-USDC 500 10 UNI-V3 LP,DAI,0x6c6bc977e13df9b0de53b251522280bb72383700
2021-08-22T00:00:00Z,37097031.440021,37102257.57053371,DAI-USDC 500 10 UNI-V3 LP,USDC,0x6c6bc977e13df9b0de53b251522280bb72383700
2021-08-31T00:00:00Z,52.0580510254736,52.092797814429154,DAI-USDC 10000 200 UNI-V3 LP,DAI,0x6958686b6348c3d6d5f2dca3106a5c09c156873a
2021-08-31T00:00:00Z,31.270882,31.27762770269314,DAI-USDC 10000 200 UNI-V3 LP,USDC,0x6958686b6348c3d6d5f2dca3106a5c09c156873a
2021-08-29T00:00:00Z,4836.778424,4837.997310217971,USDC-USDT 3000 60 UNI-V3 LP,USDC,0xee4cf3b78a74affa38c6a926282bcd8b5952818d
2021-08-29T00:00:00Z,13650.395855,13661.8612599199,USDC-USDT 3000 60 UNI-V3 LP,USDT,0xee4cf3b78a74affa38c6a926282bcd8b5952818d
2021-08-06T00:00:00Z,87992827.611323,88008134.11510849,USDC-USDT 500 10 UNI-V3 LP,USDC,0x7858e59e0c01ea06df3af3d20ac7b0003275d4bf
2021-08-06T00:00:00Z,40841017.292199,40853007.03872321,USDC-USDT 500 10 UNI-V3 LP,USDT,0x7858e59e0c01ea06df3af3d20ac7b0003275d4bf
2021-08-03T00:00:00Z,152.057985108214,152.2565772415216,DAI-USDC 10000 200 UNI-V3 LP,DAI,0x6958686b6348c3d6d5f2dca3106a5c09c156873a
2021-08-03T00:00:00Z,91.340079,91.36301827534083,DAI-USDC 10000 200 UNI-V3 LP,USDC,0x6958686b6348c3d6d5f2dca3106a5c09c156873a
2021-08-06T00:00:00Z,11320.590151,11322.559387137811,USDC-USDT 10000 200 UNI-V3 LP,USDC,0xbb256c2f1b677e27118b0345fd2b3894d2e6d487
2021-08-06T00:00:00Z,21791.233803,21797.631081693584,USDC-USDT 10000 200 UNI-V3 LP,USDT,0xbb256c2f1b677e27118b0345fd2b3894d2e6d487
2021-08-10T00:00:00Z,52.0580510254736,52.0911274039058,DAI-USDC 10000 200 UNI-V3 LP,DAI,0x6958686b6348c3d6d5f2dca3106a5c09c156873a
2021-08-10T00:00:00Z,31.270882,31.26933163917572,DAI-USDC 10000 200 UNI-V3 LP,USDC,0x6958686b6348c3d6d5f2dca3106a5c09c156873a
2021-08-11T00:00:00Z,52.0580510254736,52.098946912044745,DAI-USDC 10000 200 UNI-V3 LP,DAI,0x6958686b6348c3d6d5f2dca3106a5c09c156873a
2021-08-11T00:00:00Z,31.270882,31.26741712275996,DAI-USDC 10000 200 UNI-V3 LP,USDC,0x6958686b6348c3d6d5f2dca3106a5c09c156873a
2021-08-07T00:00:00Z,79856604.0970194,79931473.71473676,DAI-USDC 500 10 UNI-V3 LP,DAI,0x6c6bc977e13df9b0de53b251522280bb72383700
2021-08-07T00:00:00Z,33837496.837604,33834332.1049152,DAI-USDC 500 10 UNI-V3 LP,USDC,0x6c6bc977e13df9b0de53b251522280bb72383700
2021-08-06T00:00:00Z,91997954.2856994,92092046.01438338,DAI-USDC 500 10 UNI-V3 LP,DAI,0x6c6bc977e13df9b0de53b251522280bb72383700
2021-08-06T00:00:00Z,21568172.594353,21571924.41509139,DAI-USDC 500 10 UNI-V3 LP,USDC,0x6c6bc977e13df9b0de53b251522280bb72383700
2021-08-18T00:00:00Z,64058474.284494,64088977.552521884,DAI-USDC 500 10 UNI-V3 LP,DAI,0x6c6bc977e13df9b0de53b251522280bb72383700
2021-08-18T00:00:00Z,43150185.953894,43157247.554482676,DAI-USDC 500 10 UNI-V3 LP,USDC,0x6c6bc977e13df9b0de53b251522280bb72383700
2021-08-26T00:00:00Z,52.0580510254736,52.087432106061726,DAI-USDC 10000 200 UNI-V3 LP,DAI,0x6958686b6348c3d6d5f2dca3106a5c09c156873a
2021-08-26T00:00:00Z,31.270882,31.277388119566158,DAI-USDC 10000 200 UNI-V3 LP,USDC,0x6958686b6348c3d6d5f2dca3106a5c09c156873a
2021-08-23T00:00:00Z,13412.334799,13413.480509203584,USDC-USDT 10000 200 UNI-V3 LP,USDC,0xbb256c2f1b677e27118b0345fd2b3894d2e6d487
2021-08-23T00:00:00Z,19762.791071,19775.772622360648,USDC-USDT 10000 200 UNI-V3 LP,USDT,0xbb256c2f1b677e27118b0345fd2b3894d2e6d487
2021-08-21T00:00:00Z,9,9.007037502024076,DAI-USDT 3000 60 UNI-V3 LP,DAI,0x4773e2c1c0b400a16dfec4ca6e305141859a5542
2021-08-21T00:00:00Z,0.000002,0.000002001116234115858,DAI-USDT 3000 60 UNI-V3 LP,USDT,0x4773e2c1c0b400a16dfec4ca6e305141859a5542
2021-08-21T00:00:00Z,81030196.606322,81032342.03735258,USDC-USDT 500 10 UNI-V3 LP,USDC,0x7858e59e0c01ea06df3af3d20ac7b0003275d4bf
2021-08-21T00:00:00Z,67312584.001657,67350152.3030016,USDC-USDT 500 10 UNI-V3 LP,USDT,0x7858e59e0c01ea06df3af3d20ac7b0003275d4bf
2021-08-24T00:00:00Z,34586295.5502539,34621724.89498253,DAI-USDC 500 10 UNI-V3 LP,DAI,0x6c6bc977e13df9b0de53b251522280bb72383700
2021-08-24T00:00:00Z,60297217.736217,60310213.585481875,DAI-USDC 500 10 UNI-V3 LP,USDC,0x6c6bc977e13df9b0de53b251522280bb72383700
2021-08-24T00:00:00Z,52.0580510254736,52.111378003871806,DAI-USDC 10000 200 UNI-V3 LP,DAI,0x6958686b6348c3d6d5f2dca3106a5c09c156873a
2021-08-24T00:00:00Z,31.270882,31.277621807973055,DAI-USDC 10000 200 UNI-V3 LP,USDC,0x6958686b6348c3d6d5f2dca3106a5c09c156873a
2021-08-29T00:00:00Z,9589.84597054936,9594.824859300988,DAI-USDC 3000 60 UNI-V3 LP,DAI,0xa63b490aa077f541c9d64bfc1cc0db2a752157b5
2021-08-29T00:00:00Z,5588.998474,5590.406922478519,DAI-USDC 3000 60 UNI-V3 LP,USDC,0xa63b490aa077f541c9d64bfc1cc0db2a752157b5
2021-08-10T00:00:00Z,13403.256521,13402.592008760532,USDC-USDT 10000 200 UNI-V3 LP,USDC,0xbb256c2f1b677e27118b0345fd2b3894d2e6d487
2021-08-10T00:00:00Z,19717.791073,19724.623021083884,USDC-USDT 10000 200 UNI-V3 LP,USDT,0xbb256c2f1b677e27118b0345fd2b3894d2e6d487
2021-08-06T00:00:00Z,3842.709218,3843.377663881199,USDC-USDT 3000 60 UNI-V3 LP,USDC,0xee4cf3b78a74affa38c6a926282bcd8b5952818d
2021-08-06T00:00:00Z,19643.489872,19649.256634926864,USDC-USDT 3000 60 UNI-V3 LP,USDT,0xee4cf3b78a74affa38c6a926282bcd8b5952818d
2021-08-10T00:00:00Z,7986793.6849311,7991868.293088317,DAI-USDT 500 10 UNI-V3 LP,DAI,0x6f48eca74b38d2936b02ab603ff4e36a6c0e3a77
2021-08-10T00:00:00Z,7418508.224503,7421078.637327745,DAI-USDT 500 10 UNI-V3 LP,USDT,0x6f48eca74b38d2936b02ab603ff4e36a6c0e3a77
2021-08-06T00:00:00Z,52.0580510254736,52.11129386169683,DAI-USDC 10000 200 UNI-V3 LP,DAI,0x6958686b6348c3d6d5f2dca3106a5c09c156873a
2021-08-06T00:00:00Z,31.270882,31.276321623736415,DAI-USDC 10000 200 UNI-V3 LP,USDC,0x6958686b6348c3d6d5f2dca3106a5c09c156873a
2021-08-16T00:00:00Z,9589.81336426726,9597.838921428696,DAI-USDC 3000 60 UNI-V3 LP,DAI,0xa63b490aa077f541c9d64bfc1cc0db2a752157b5
2021-08-16T00:00:00Z,5588.971079,5588.458786722656,DAI-USDC 3000 60 UNI-V3 LP,USDC,0xa63b490aa077f541c9d64bfc1cc0db2a752157b5
2021-08-14T00:00:00Z,13412.334799,13410.572579585307,USDC-USDT 10000 200 UNI-V3 LP,USDC,0xbb256c2f1b677e27118b0345fd2b3894d2e6d487
2021-08-14T00:00:00Z,19762.791071,19772.586193674782,USDC-USDT 10000 200 UNI-V3 LP,USDT,0xbb256c2f1b677e27118b0345fd2b3894d2e6d487
2021-08-21T00:00:00Z,10268640.9460374,10276670.455086539,DAI-USDT 500 10 UNI-V3 LP,DAI,0x6f48eca74b38d2936b02ab603ff4e36a6c0e3a77
2021-08-21T00:00:00Z,6798986.064523,6802780.694622232,DAI-USDT 500 10 UNI-V3 LP,USDT,0x6f48eca74b38d2936b02ab603ff4e36a6c0e3a77
2021-08-30T00:00:00Z,9,9.004796596107816,DAI-USDT 3000 60 UNI-V3 LP,DAI,0x4773e2c1c0b400a16dfec4ca6e305141859a5542
2021-08-30T00:00:00Z,0.000002,0.0000020016784923394473,DAI-USDT 3000 60 UNI-V3 LP,USDT,0x4773e2c1c0b400a16dfec4ca6e305141859a5542
2021-08-16T00:00:00Z,97064385.254586,97055488.20819442,USDC-USDT 500 10 UNI-V3 LP,USDC,0x7858e59e0c01ea06df3af3d20ac7b0003275d4bf
2021-08-16T00:00:00Z,32217436.203516,32233295.147086233,USDC-USDT 500 10 UNI-V3 LP,USDT,0x7858e59e0c01ea06df3af3d20ac7b0003275d4bf
2021-08-03T00:00:00Z,8820642.47548728,8832162.49007319,DAI-USDT 500 10 UNI-V3 LP,DAI,0x6f48eca74b38d2936b02ab603ff4e36a6c0e3a77
2021-08-03T00:00:00Z,5318960.883183,5321243.340046635,DAI-USDT 500 10 UNI-V3 LP,USDT,0x6f48eca74b38d2936b02ab603ff4e36a6c0e3a77
2021-08-10T00:00:00Z,9589.80136426726,9595.894483252043,DAI-USDC 3000 60 UNI-V3 LP,DAI,0xa63b490aa077f541c9d64bfc1cc0db2a752157b5
2021-08-10T00:00:00Z,5588.983045,5588.70595206861,DAI-USDC 3000 60 UNI-V3 LP,USDC,0xa63b490aa077f541c9d64bfc1cc0db2a752157b5
2021-08-03T00:00:00Z,3842.709218,3843.6742813738388,USDC-USDT 3000 60 UNI-V3 LP,USDC,0xee4cf3b78a74affa38c6a926282bcd8b5952818d
2021-08-03T00:00:00Z,19643.489872,19651.91922864856,USDC-USDT 3000 60 UNI-V3 LP,USDT,0xee4cf3b78a74affa38c6a926282bcd8b5952818d
2021-08-11T00:00:00Z,70763193.4073031,70818783.72376694,DAI-USDC 500 10 UNI-V3 LP,DAI,0x6c6bc977e13df9b0de53b251522280bb72383700
2021-08-11T00:00:00Z,43999188.215427,43994313.01600576,DAI-USDC 500 10 UNI-V3 LP,USDC,0x6c6bc977e13df9b0de53b251522280bb72383700
2021-08-14T00:00:00Z,52.0580510254736,52.11947796374791,DAI-USDC 10000 200 UNI-V3 LP,DAI,0x6958686b6348c3d6d5f2dca3106a5c09c156873a
2021-08-14T00:00:00Z,31.270882,31.266773382358043,DAI-USDC 10000 200 UNI-V3 LP,USDC,0x6958686b6348c3d6d5f2dca3106a5c09c156873a
2021-08-14T00:00:00Z,11341606.5613929,11354989.316844832,DAI-USDT 500 10 UNI-V3 LP,DAI,0x6f48eca74b38d2936b02ab603ff4e36a6c0e3a77
2021-08-14T00:00:00Z,6351341.472476,6354489.416946435,DAI-USDT 500 10 UNI-V3 LP,USDT,0x6f48eca74b38d2936b02ab603ff4e36a6c0e3a77
2021-08-13T00:00:00Z,9,9.018467693208336,DAI-USDT 3000 60 UNI-V3 LP,DAI,0x4773e2c1c0b400a16dfec4ca6e305141859a5542
2021-08-13T00:00:00Z,0.000002,0.0000020009538934612585,DAI-USDT 3000 60 UNI-V3 LP,USDT,0x4773e2c1c0b400a16dfec4ca6e305141859a5542
2021-08-16T00:00:00Z,13412.334799,13411.10540714208,USDC-USDT 10000 200 UNI-V3 LP,USDC,0xbb256c2f1b677e27118b0345fd2b3894d2e6d487
2021-08-16T00:00:00Z,19762.791071,19772.51925006445,USDC-USDT 10000 200 UNI-V3 LP,USDT,0xbb256c2f1b677e27118b0345fd2b3894d2e6d487
2021-08-13T00:00:00Z,4228.098514,4228.078860709451,USDC-USDT 3000 60 UNI-V3 LP,USDC,0xee4cf3b78a74affa38c6a926282bcd8b5952818d
2021-08-13T00:00:00Z,14257.337402,14264.137392461364,USDC-USDT 3000 60 UNI-V3 LP,USDT,0xee4cf3b78a74affa38c6a926282bcd8b5952818d
2021-08-20T00:00:00Z,4228.098514,4227.6979274362375,USDC-USDT 3000 60 UNI-V3 LP,USDC,0xee4cf3b78a74affa38c6a926282bcd8b5952818d
2021-08-20T00:00:00Z,14257.337402,14257.638754869815,USDC-USDT 3000 60 UNI-V3 LP,USDT,0xee4cf3b78a74affa38c6a926282bcd8b5952818d
2021-08-23T00:00:00Z,15044779.3584255,15061338.715799438,DAI-USDT 500 10 UNI-V3 LP,DAI,0x6f48eca74b38d2936b02ab603ff4e36a6c0e3a77
2021-08-23T00:00:00Z,9303593.037779,9309704.273303607,DAI-USDT 500 10 UNI-V3 LP,USDT,0x6f48eca74b38d2936b02ab603ff4e36a6c0e3a77
2021-08-31T00:00:00Z,9589.84597054936,9596.246831655204,DAI-USDC 3000 60 UNI-V3 LP,DAI,0xa63b490aa077f541c9d64bfc1cc0db2a752157b5
2021-08-31T00:00:00Z,5588.998474,5590.204123461951,DAI-USDC 3000 60 UNI-V3 LP,USDC,0xa63b490aa077f541c9d64bfc1cc0db2a752157b5
2021-08-28T00:00:00Z,4836.778424,4836.994965521332,USDC-USDT 3000 60 UNI-V3 LP,USDC,0xee4cf3b78a74affa38c6a926282bcd8b5952818d
2021-08-28T00:00:00Z,13650.395855,13658.393033241837,USDC-USDT 3000 60 UNI-V3 LP,USDT,0xee4cf3b78a74affa38c6a926282bcd8b5952818d
2021-08-15T00:00:00Z,89664512.705335,89673779.29997566,USDC-USDT 500 10 UNI-V3 LP,USDC,0x7858e59e0c01ea06df3af3d20ac7b0003275d4bf
2021-08-15T00:00:00Z,40067727.699482,40097420.585674055,USDC-USDT 500 10 UNI-V3 LP,USDT,0x7858e59e0c01ea06df3af3d20ac7b0003275d4bf
2021-08-03T00:00:00Z,11320.590151,11323.433219862405,USDC-USDT 10000 200 UNI-V3 LP,USDC,0xbb256c2f1b677e27118b0345fd2b3894d2e6d487
2021-08-03T00:00:00Z,21791.233803,21800.584793212765,USDC-USDT 10000 200 UNI-V3 LP,USDT,0xbb256c2f1b677e27118b0345fd2b3894d2e6d487
2021-08-05T00:00:00Z,9589.79136426726,9600.11743014764,DAI-USDC 3000 60 UNI-V3 LP,DAI,0xa63b490aa077f541c9d64bfc1cc0db2a752157b5
2021-08-05T00:00:00Z,5588.993017,5590.2668021507625,DAI-USDC 3000 60 UNI-V3 LP,USDC,0xa63b490aa077f541c9d64bfc1cc0db2a752157b5
2021-08-10T00:00:00Z,9,9.005718374007973,DAI-USDT 3000 60 UNI-V3 LP,DAI,0x4773e2c1c0b400a16dfec4ca6e305141859a5542
2021-08-10T00:00:00Z,0.000002,0.0000020006929729662504,DAI-USDT 3000 60 UNI-V3 LP,USDT,0x4773e2c1c0b400a16dfec4ca6e305141859a5542
2021-08-05T00:00:00Z,3842.709218,3843.5850083124406,USDC-USDT 3000 60 UNI-V3 LP,USDC,0xee4cf3b78a74affa38c6a926282bcd8b5952818d
2021-08-05T00:00:00Z,19643.489872,19649.753201359577,USDC-USDT 3000 60 UNI-V3 LP,USDT,0xee4cf3b78a74affa38c6a926282bcd8b5952818d
2021-08-16T00:00:00Z,9,9.007531952052586,DAI-USDT 3000 60 UNI-V3 LP,DAI,0x4773e2c1c0b400a16dfec4ca6e305141859a5542
2021-08-16T00:00:00Z,0.000002,0.0000020009844944501513,DAI-USDT 3000 60 UNI-V3 LP,USDT,0x4773e2c1c0b400a16dfec4ca6e305141859a5542
2021-08-09T00:00:00Z,69035612.3118709,69102407.18910672,DAI-USDC 500 10 UNI-V3 LP,DAI,0x6c6bc977e13df9b0de53b251522280bb72383700
2021-08-09T00:00:00Z,45008092.002,44993796.69599404,DAI-USDC 500 10 UNI-V3 LP,USDC,0x6c6bc977e13df9b0de53b251522280bb72383700
2021-08-15T00:00:00Z,10334541.3304744,10344009.033844413,DAI-USDT 500 10 UNI-V3 LP,DAI,0x6f48eca74b38d2936b02ab603ff4e36a6c0e3a77
2021-08-15T00:00:00Z,7555817.695798,7561417.06585991,DAI-USDT 500 10 UNI-V3 LP,USDT,0x6f48eca74b38d2936b02ab603ff4e36a6c0e3a77
2021-08-13T00:00:00Z,13412.334799,13412.272455014428,USDC-USDT 10000 200 UNI-V3 LP,USDC,0xbb256c2f1b677e27118b0345fd2b3894d2e6d487
2021-08-13T00:00:00Z,19762.791071,19772.216869589425,USDC-USDT 10000 200 UNI-V3 LP,USDT,0xbb256c2f1b677e27118b0345fd2b3894d2e6d487
2021-08-12T00:00:00Z,4228.098514,4228.484511056085,USDC-USDT 3000 60 UNI-V3 LP,USDC,0xee4cf3b78a74affa38c6a926282bcd8b5952818d
2021-08-12T00:00:00Z,14257.337402,14265.499948430494,USDC-USDT 3000 60 UNI-V3 LP,USDT,0xee4cf3b78a74affa38c6a926282bcd8b5952818d
2021-08-15T00:00:00Z,13412.334799,13413.720928986293,USDC-USDT 10000 200 UNI-V3 LP,USDC,0xbb256c2f1b677e27118b0345fd2b3894d2e6d487
2021-08-15T00:00:00Z,19762.791071,19777.43663090072,USDC-USDT 10000 200 UNI-V3 LP,USDT,0xbb256c2f1b677e27118b0345fd2b3894d2e6d487
2021-08-20T00:00:00Z,46370443.8916356,46395239.0044024,DAI-USDC 500 10 UNI-V3 LP,DAI,0x6c6bc977e13df9b0de53b251522280bb72383700
2021-08-20T00:00:00Z,51121498.004025,51116654.55367681,DAI-USDC 500 10 UNI-V3 LP,USDC,0x6c6bc977e13df9b0de53b251522280bb72383700
2021-08-24T00:00:00Z,9,9.009219377140127,DAI-USDT 3000 60 UNI-V3 LP,DAI,0x4773e2c1c0b400a16dfec4ca6e305141859a5542
2021-08-24T00:00:00Z,0.000002,0.000002001047098223614,DAI-USDT 3000 60 UNI-V3 LP,USDT,0x4773e2c1c0b400a16dfec4ca6e305141859a5542
2021-08-29T00:00:00Z,78633832.364133,78653648.38341957,USDC-USDT 500 10 UNI-V3 LP,USDC,0x7858e59e0c01ea06df3af3d20ac7b0003275d4bf
2021-08-29T00:00:00Z,60074946.422487,60125405.29515206,USDC-USDT 500 10 UNI-V3 LP,USDT,0x7858e59e0c01ea06df3af3d20ac7b0003275d4bf
2021-08-28T00:00:00Z,51821375.6875404,51866554.38896158,DAI-USDC 500 10 UNI-V3 LP,DAI,0x6c6bc977e13df9b0de53b251522280bb72383700
2021-08-28T00:00:00Z,40613510.794748,40615329.05282046,DAI-USDC 500 10 UNI-V3 LP,USDC,0x6c6bc977e13df9b0de53b251522280bb72383700
2021-08-30T00:00:00Z,11686788.558211,11693017.092045575,DAI-USDT 500 10 UNI-V3 LP,DAI,0x6f48eca74b38d2936b02ab603ff4e36a6c0e3a77
2021-08-30T00:00:00Z,11159475.624895,11168841.172069319,DAI-USDT 500 10 UNI-V3 LP,USDT,0x6f48eca74b38d2936b02ab603ff4e36a6c0e3a77
2021-08-29T00:00:00Z,13412.334799,13415.71475743601,USDC-USDT 10000 200 UNI-V3 LP,USDC,0xbb256c2f1b677e27118b0345fd2b3894d2e6d487
2021-08-29T00:00:00Z,19762.791071,19779.390472539948,USDC-USDT 10000 200 UNI-V3 LP,USDT,0xbb256c2f1b677e27118b0345fd2b3894d2e6d487
2021-08-31T00:00:00Z,13412.334799,13415.228085571673,USDC-USDT 10000 200 UNI-V3 LP,USDC,0xbb256c2f1b677e27118b0345fd2b3894d2e6d487
2021-08-31T00:00:00Z,19762.791071,19773.295668606956,USDC-USDT 10000 200 UNI-V3 LP,USDT,0xbb256c2f1b677e27118b0345fd2b3894d2e6d487
2021-08-13T00:00:00Z,10785406.4115935,10807537.697897559,DAI-USDT 500 10 UNI-V3 LP,DAI,0x6f48eca74b38d2936b02ab603ff4e36a6c0e3a77
2021-08-13T00:00:00Z,6906213.615526,6909507.511530953,DAI-USDT 500 10 UNI-V3 LP,USDT,0x6f48eca74b38d2936b02ab603ff4e36a6c0e3a77
2021-08-18T00:00:00Z,4228.098514,4228.7904494411905,USDC-USDT 3000 60 UNI-V3 LP,USDC,0xee4cf3b78a74affa38c6a926282bcd8b5952818d
2021-08-18T00:00:00Z,14257.337402,14262.233244438345,USDC-USDT 3000 60 UNI-V3 LP,USDT,0xee4cf3b78a74affa38c6a926282bcd8b5952818d
2021-08-15T00:00:00Z,52.0580510254736,52.10574256488201,DAI-USDC 10000 200 UNI-V3 LP,DAI,0x6958686b6348c3d6d5f2dca3106a5c09c156873a
2021-08-15T00:00:00Z,31.270882,31.274113764483037,DAI-USDC 10000 200 UNI-V3 LP,USDC,0x6958686b6348c3d6d5f2dca3106a5c09c156873a
2021-08-18T00:00:00Z,52.0580510254736,52.082839949986344,DAI-USDC 10000 200 UNI-V3 LP,DAI,0x6958686b6348c3d6d5f2dca3106a5c09c156873a
2021-08-18T00:00:00Z,31.270882,31.275999532493966,DAI-USDC 10000 200 UNI-V3 LP,USDC,0x6958686b6348c3d6d5f2dca3106a5c09c156873a
2021-08-17T00:00:00Z,13412.334799,13413.523503064916,USDC-USDT 10000 200 UNI-V3 LP,USDC,0xbb256c2f1b677e27118b0345fd2b3894d2e6d487
2021-08-17T00:00:00Z,19762.791071,19769.316906224645,USDC-USDT 10000 200 UNI-V3 LP,USDT,0xbb256c2f1b677e27118b0345fd2b3894d2e6d487
2021-08-26T00:00:00Z,72249132.078784,72264164.00183164,USDC-USDT 500 10 UNI-V3 LP,USDC,0x7858e59e0c01ea06df3af3d20ac7b0003275d4bf
2021-08-26T00:00:00Z,67332461.19237,67355788.49891862,USDC-USDT 500 10 UNI-V3 LP,USDT,0x7858e59e0c01ea06df3af3d20ac7b0003275d4bf
2021-08-20T00:00:00Z,9,9.004812462339647,DAI-USDT 3000 60 UNI-V3 LP,DAI,0x4773e2c1c0b400a16dfec4ca6e305141859a5542
2021-08-20T00:00:00Z,0.000002,0.000002000042273372835,DAI-USDT 3000 60 UNI-V3 LP,USDT,0x4773e2c1c0b400a16dfec4ca6e305141859a5542
2021-08-20T00:00:00Z,72990800.548052,72983885.11458208,USDC-USDT 500 10 UNI-V3 LP,USDC,0x7858e59e0c01ea06df3af3d20ac7b0003275d4bf
2021-08-20T00:00:00Z,74406799.894168,74408372.6073647,USDC-USDT 500 10 UNI-V3 LP,USDT,0x7858e59e0c01ea06df3af3d20ac7b0003275d4bf
2021-08-25T00:00:00Z,39589887.1634067,39622588.454490826,DAI-USDC 500 10 UNI-V3 LP,DAI,0x6c6bc977e13df9b0de53b251522280bb72383700
2021-08-25T00:00:00Z,55192451.845475,55201026.56177106,DAI-USDC 500 10 UNI-V3 LP,USDC,0x6c6bc977e13df9b0de53b251522280bb72383700
2021-08-11T00:00:00Z,9589.80136426726,9597.334943053007,DAI-USDC 3000 60 UNI-V3 LP,DAI,0xa63b490aa077f541c9d64bfc1cc0db2a752157b5
2021-08-11T00:00:00Z,5588.983045,5588.363774326803,DAI-USDC 3000 60 UNI-V3 LP,USDC,0xa63b490aa077f541c9d64bfc1cc0db2a752157b5
2021-08-07T00:00:00Z,9589.79136426726,9598.782280191503,DAI-USDC 3000 60 UNI-V3 LP,DAI,0xa63b490aa077f541c9d64bfc1cc0db2a752157b5
2021-08-07T00:00:00Z,5588.993017,5588.470293082705,DAI-USDC 3000 60 UNI-V3 LP,USDC,0xa63b490aa077f541c9d64bfc1cc0db2a752157b5
2021-08-08T00:00:00Z,52.0580510254736,52.092298370153785,DAI-USDC 10000 200 UNI-V3 LP,DAI,0x6958686b6348c3d6d5f2dca3106a5c09c156873a
2021-08-08T00:00:00Z,31.270882,31.25721268802344,DAI-USDC 10000 200 UNI-V3 LP,USDC,0x6958686b6348c3d6d5f2dca3106a5c09c156873a
2021-08-06T00:00:00Z,9334139.23663092,9343685.810827821,DAI-USDT 500 10 UNI-V3 LP,DAI,0x6f48eca74b38d2936b02ab603ff4e36a6c0e3a77
2021-08-06T00:00:00Z,4856376.781523,4857802.473890551,DAI-USDT 500 10 UNI-V3 LP,USDT,0x6f48eca74b38d2936b02ab603ff4e36a6c0e3a77
2021-08-10T00:00:00Z,70165279.7559178,70209861.01280873,DAI-USDC 500 10 UNI-V3 LP,DAI,0x6c6bc977e13df9b0de53b251522280bb72383700
2021-08-10T00:00:00Z,44506571.606672,44504365.041310586,DAI-USDC 500 10 UNI-V3 LP,USDC,0x6c6bc977e13df9b0de53b251522280bb72383700
2021-08-13T00:00:00Z,84946565.661518,84946170.80800864,USDC-USDT 500 10 UNI-V3 LP,USDC,0x7858e59e0c01ea06df3af3d20ac7b0003275d4bf
2021-08-13T00:00:00Z,42644667.264499,42665006.49912958,USDC-USDT 500 10 UNI-V3 LP,USDT,0x7858e59e0c01ea06df3af3d20ac7b0003275d4bf
2021-08-16T00:00:00Z,65279835.3816878,65334467.00280953,DAI-USDC 500 10 UNI-V3 LP,DAI,0x6c6bc977e13df9b0de53b251522280bb72383700
2021-08-16T00:00:00Z,45731599.262577,45727407.445371,DAI-USDC 500 10 UNI-V3 LP,USDC,0x6c6bc977e13df9b0de53b251522280bb72383700
2021-08-18T00:00:00Z,13412.334799,13414.52975017387,USDC-USDT 10000 200 UNI-V3 LP,USDC,0xbb256c2f1b677e27118b0345fd2b3894d2e6d487
2021-08-18T00:00:00Z,19762.791071,19769.577437100306,USDC-USDT 10000 200 UNI-V3 LP,USDT,0xbb256c2f1b677e27118b0345fd2b3894d2e6d487
2021-08-20T00:00:00Z,13412.334799,13411.064062026542,USDC-USDT 10000 200 UNI-V3 LP,USDC,0xbb256c2f1b677e27118b0345fd2b3894d2e6d487
2021-08-20T00:00:00Z,19762.791071,19763.208790917604,USDC-USDT 10000 200 UNI-V3 LP,USDT,0xbb256c2f1b677e27118b0345fd2b3894d2e6d487
2021-08-23T00:00:00Z,9,9.009906042010645,DAI-USDT 3000 60 UNI-V3 LP,DAI,0x4773e2c1c0b400a16dfec4ca6e305141859a5542
2021-08-23T00:00:00Z,0.000002,0.0000020013137366391224,DAI-USDT 3000 60 UNI-V3 LP,USDT,0x4773e2c1c0b400a16dfec4ca6e305141859a5542
2021-08-26T00:00:00Z,9,9.00507951642607,DAI-USDT 3000 60 UNI-V3 LP,DAI,0x4773e2c1c0b400a16dfec4ca6e305141859a5542
2021-08-26T00:00:00Z,0.000002,0.000002000692899268363,DAI-USDT 3000 60 UNI-V3 LP,USDT,0x4773e2c1c0b400a16dfec4ca6e305141859a5542
2021-08-26T00:00:00Z,9589.81336426726,9595.22576587912,DAI-USDC 3000 60 UNI-V3 LP,DAI,0xa63b490aa077f541c9d64bfc1cc0db2a752157b5
2021-08-26T00:00:00Z,5588.97108,5590.133903424625,DAI-USDC 3000 60 UNI-V3 LP,USDC,0xa63b490aa077f541c9d64bfc1cc0db2a752157b5
2021-08-30T00:00:00Z,4836.778424,4838.269232529821,USDC-USDT 3000 60 UNI-V3 LP,USDC,0xee4cf3b78a74affa38c6a926282bcd8b5952818d
2021-08-30T00:00:00Z,13650.395855,13661.851897436522,USDC-USDT 3000 60 UNI-V3 LP,USDT,0xee4cf3b78a74affa38c6a926282bcd8b5952818d
2021-08-17T00:00:00Z,81224459.871961,81231658.6070856,USDC-USDT 500 10 UNI-V3 LP,USDC,0x7858e59e0c01ea06df3af3d20ac7b0003275d4bf
2021-08-17T00:00:00Z,47997350.014538,48013199.13201788,USDC-USDT 500 10 UNI-V3 LP,USDT,0x7858e59e0c01ea06df3af3d20ac7b0003275d4bf
2021-08-28T00:00:00Z,9,9.007846343471126,DAI-USDT 3000 60 UNI-V3 LP,DAI,0x4773e2c1c0b400a16dfec4ca6e305141859a5542
2021-08-28T00:00:00Z,0.000002,0.0000020011717137476135,DAI-USDT 3000 60 UNI-V3 LP,USDT,0x4773e2c1c0b400a16dfec4ca6e305141859a5542
2021-08-02T00:00:00Z,9589.79136426726,9602.445954827586,DAI-USDC 3000 60 UNI-V3 LP,DAI,0xa63b490aa077f541c9d64bfc1cc0db2a752157b5
2021-08-02T00:00:00Z,5588.993017,5590.623880719714,DAI-USDC 3000 60 UNI-V3 LP,USDC,0xa63b490aa077f541c9d64bfc1cc0db2a752157b5
2021-08-29T00:00:00Z,11686912.7013791,11692980.352347514,DAI-USDT 500 10 UNI-V3 LP,DAI,0x6f48eca74b38d2936b02ab603ff4e36a6c0e3a77
2021-08-29T00:00:00Z,11156233.222939,11165603.700736167,DAI-USDT 500 10 UNI-V3 LP,USDT,0x6f48eca74b38d2936b02ab603ff4e36a6c0e3a77
2021-08-03T00:00:00Z,9,9.01175426070848,DAI-USDT 3000 60 UNI-V3 LP,DAI,0x4773e2c1c0b400a16dfec4ca6e305141859a5542
2021-08-03T00:00:00Z,0.000002,0.000002000858234122703,DAI-USDT 3000 60 UNI-V3 LP,USDT,0x4773e2c1c0b400a16dfec4ca6e305141859a5542
2021-08-27T00:00:00Z,47470853.109633,47508934.438676044,DAI-USDC 500 10 UNI-V3 LP,DAI,0x6c6bc977e13df9b0de53b251522280bb72383700
2021-08-27T00:00:00Z,44960877.20698,44972688.1547569,DAI-USDC 500 10 UNI-V3 LP,USDC,0x6c6bc977e13df9b0de53b251522280bb72383700
2021-08-11T00:00:00Z,9,9.007070241238194,DAI-USDT 3000 60 UNI-V3 LP,DAI,0x4773e2c1c0b400a16dfec4ca6e305141859a5542
2021-08-11T00:00:00Z,0.000002,0.0000020006606057969757,DAI-USDT 3000 60 UNI-V3 LP,USDT,0x4773e2c1c0b400a16dfec4ca6e305141859a5542
2021-08-28T00:00:00Z,11801527.296467,11811816.056094995,DAI-USDT 500 10 UNI-V3 LP,DAI,0x6f48eca74b38d2936b02ab603ff4e36a6c0e3a77
2021-08-28T00:00:00Z,11947042.186884,11954041.443670847,DAI-USDT 500 10 UNI-V3 LP,USDT,0x6f48eca74b38d2936b02ab603ff4e36a6c0e3a77
2021-08-09T00:00:00Z,52.0580510254736,52.1084193934932,DAI-USDC 10000 200 UNI-V3 LP,DAI,0x6958686b6348c3d6d5f2dca3106a5c09c156873a
2021-08-09T00:00:00Z,31.270882,31.26094985652575,DAI-USDC 10000 200 UNI-V3 LP,USDC,0x6958686b6348c3d6d5f2dca3106a5c09c156873a
2021-08-06T00:00:00Z,9,9.009204830310965,DAI-USDT 3000 60 UNI-V3 LP,DAI,0x4773e2c1c0b400a16dfec4ca6e305141859a5542
2021-08-06T00:00:00Z,0.000002,0.000002000587142403355,DAI-USDT 3000 60 UNI-V3 LP,USDT,0x4773e2c1c0b400a16dfec4ca6e305141859a5542
2021-08-08T00:00:00Z,9,9.005920815244712,DAI-USDT 3000 60 UNI-V3 LP,DAI,0x4773e2c1c0b400a16dfec4ca6e305141859a5542
2021-08-08T00:00:00Z,0.000002,0.0000020005041745127495,DAI-USDT 3000 60 UNI-V3 LP,USDT,0x4773e2c1c0b400a16dfec4ca6e305141859a5542
2021-08-05T00:00:00Z,67528235.949271,67543626.28236817,USDC-USDT 500 10 UNI-V3 LP,USDC,0x7858e59e0c01ea06df3af3d20ac7b0003275d4bf
2021-08-05T00:00:00Z,61519660.011411,61539275.56319185,USDC-USDT 500 10 UNI-V3 LP,USDT,0x7858e59e0c01ea06df3af3d20ac7b0003275d4bf
2021-08-11T00:00:00Z,85407737.533638,85398274.1828472,USDC-USDT 500 10 UNI-V3 LP,USDC,0x7858e59e0c01ea06df3af3d20ac7b0003275d4bf
2021-08-11T00:00:00Z,42907086.006026,42921258.34089947,USDC-USDT 500 10 UNI-V3 LP,USDT,0x7858e59e0c01ea06df3af3d20ac7b0003275d4bf
2021-08-15T00:00:00Z,9,9.008245100348947,DAI-USDT 3000 60 UNI-V3 LP,DAI,0x4773e2c1c0b400a16dfec4ca6e305141859a5542
2021-08-15T00:00:00Z,0.000002,0.000002001482134770145,DAI-USDT 3000 60 UNI-V3 LP,USDT,0x4773e2c1c0b400a16dfec4ca6e305141859a5542
2021-08-17T00:00:00Z,60296984.0034956,60340053.643454246,DAI-USDC 500 10 UNI-V3 LP,DAI,0x6c6bc977e13df9b0de53b251522280bb72383700
2021-08-17T00:00:00Z,46582464.031269,46586592.52680521,DAI-USDC 500 10 UNI-V3 LP,USDC,0x6c6bc977e13df9b0de53b251522280bb72383700
2021-08-15T00:00:00Z,4228.098514,4228.535477006299,USDC-USDT 3000 60 UNI-V3 LP,USDC,0xee4cf3b78a74affa38c6a926282bcd8b5952818d
2021-08-15T00:00:00Z,14257.337402,14267.903049746596,USDC-USDT 3000 60 UNI-V3 LP,USDT,0xee4cf3b78a74affa38c6a926282bcd8b5952818d
2021-08-17T00:00:00Z,6038923.13107667,6043236.684221855,DAI-USDT 500 10 UNI-V3 LP,DAI,0x6f48eca74b38d2936b02ab603ff4e36a6c0e3a77
2021-08-17T00:00:00Z,7941549.050267,7944171.414706532,DAI-USDT 500 10 UNI-V3 LP,USDT,0x6f48eca74b38d2936b02ab603ff4e36a6c0e3a77
2021-08-15T00:00:00Z,9589.81336426726,9598.598805769045,DAI-USDC 3000 60 UNI-V3 LP,DAI,0xa63b490aa077f541c9d64bfc1cc0db2a752157b5
2021-08-15T00:00:00Z,5588.971079,5589.548684653394,DAI-USDC 3000 60 UNI-V3 LP,USDC,0xa63b490aa077f541c9d64bfc1cc0db2a752157b5
2021-08-19T00:00:00Z,6738048.21005076,6744246.35135634,DAI-USDT 500 10 UNI-V3 LP,DAI,0x6f48eca74b38d2936b02ab603ff4e36a6c0e3a77
2021-08-19T00:00:00Z,10409443.681081,10412049.767221713,DAI-USDT 500 10 UNI-V3 LP,USDT,0x6f48eca74b38d2936b02ab603ff4e36a6c0e3a77
2021-08-19T00:00:00Z,13412.334799,13414.268871630053,USDC-USDT 10000 200 UNI-V3 LP,USDC,0xbb256c2f1b677e27118b0345fd2b3894d2e6d487
2021-08-19T00:00:00Z,19762.791071,19767.73884126418,USDC-USDT 10000 200 UNI-V3 LP,USDT,0xbb256c2f1b677e27118b0345fd2b3894d2e6d487
2021-08-25T00:00:00Z,52.0580510254736,52.101051033855285,DAI-USDC 10000 200 UNI-V3 LP,DAI,0x6958686b6348c3d6d5f2dca3106a5c09c156873a
2021-08-25T00:00:00Z,31.270882,31.275740253846525,DAI-USDC 10000 200 UNI-V3 LP,USDC,0x6958686b6348c3d6d5f2dca3106a5c09c156873a
2021-08-19T00:00:00Z,46692869.1912556,46735820.650222406,DAI-USDC 500 10 UNI-V3 LP,DAI,0x6c6bc977e13df9b0de53b251522280bb72383700
2021-08-19T00:00:00Z,55996931.824896,56005006.64071536,DAI-USDC 500 10 UNI-V3 LP,USDC,0x6c6bc977e13df9b0de53b251522280bb72383700
2021-08-30T00:00:00Z,13412.334799,13416.468795096236,USDC-USDT 10000 200 UNI-V3 LP,USDC,0xbb256c2f1b677e27118b0345fd2b3894d2e6d487
2021-08-30T00:00:00Z,19762.791071,19779.376917709385,USDC-USDT 10000 200 UNI-V3 LP,USDT,0xbb256c2f1b677e27118b0345fd2b3894d2e6d487
2021-08-02T00:00:00Z,11320.590151,11323.893490207414,USDC-USDT 10000 200 UNI-V3 LP,USDC,0xbb256c2f1b677e27118b0345fd2b3894d2e6d487
2021-08-02T00:00:00Z,21791.233803,21801.298723133288,USDC-USDT 10000 200 UNI-V3 LP,USDT,0xbb256c2f1b677e27118b0345fd2b3894d2e6d487
2021-08-30T00:00:00Z,87497242.392879,87524211.09474218,USDC-USDT 500 10 UNI-V3 LP,USDC,0x7858e59e0c01ea06df3af3d20ac7b0003275d4bf
2021-08-30T00:00:00Z,51193076.687279,51236040.28080517,USDC-USDT 500 10 UNI-V3 LP,USDT,0x7858e59e0c01ea06df3af3d20ac7b0003275d4bf
2021-08-10T00:00:00Z,83915842.858902,83911682.44426116,USDC-USDT 500 10 UNI-V3 LP,USDC,0x7858e59e0c01ea06df3af3d20ac7b0003275d4bf
2021-08-10T00:00:00Z,50522070.82745,50539576.04209121,USDC-USDT 500 10 UNI-V3 LP,USDT,0x7858e59e0c01ea06df3af3d20ac7b0003275d4bf
2021-08-08T00:00:00Z,9383945.69258448,9390119.093552502,DAI-USDT 500 10 UNI-V3 LP,DAI,0x6f48eca74b38d2936b02ab603ff4e36a6c0e3a77
2021-08-08T00:00:00Z,5800626.121858,5802088.385782314,DAI-USDT 500 10 UNI-V3 LP,USDT,0x6f48eca74b38d2936b02ab603ff4e36a6c0e3a77
2021-08-09T00:00:00Z,9,9.008707880976077,DAI-USDT 3000 60 UNI-V3 LP,DAI,0x4773e2c1c0b400a16dfec4ca6e305141859a5542
2021-08-09T00:00:00Z,0.000002,0.0000020005178261708646,DAI-USDT 3000 60 UNI-V3 LP,USDT,0x4773e2c1c0b400a16dfec4ca6e305141859a5542
2021-08-27T00:00:00Z,10470510.9541432,10478910.44449937,DAI-USDT 500 10 UNI-V3 LP,DAI,0x6f48eca74b38d2936b02ab603ff4e36a6c0e3a77
2021-08-27T00:00:00Z,13781832.16887,13789721.490168532,DAI-USDT 500 10 UNI-V3 LP,USDT,0x6f48eca74b38d2936b02ab603ff4e36a6c0e3a77
2021-08-05T00:00:00Z,52.0580510254736,52.11410593262166,DAI-USDC 10000 200 UNI-V3 LP,DAI,0x6958686b6348c3d6d5f2dca3106a5c09c156873a
2021-08-05T00:00:00Z,31.270882,31.278008934140317,DAI-USDC 10000 200 UNI-V3 LP,USDC,0x6958686b6348c3d6d5f2dca3106a5c09c156873a
2021-08-04T00:00:00Z,52.0580510254736,52.11910813255807,DAI-USDC 10000 200 UNI-V3 LP,DAI,0x6958686b6348c3d6d5f2dca3106a5c09c156873a
2021-08-04T00:00:00Z,31.270882,31.27918338519146,DAI-USDC 10000 200 UNI-V3 LP,USDC,0x6958686b6348c3d6d5f2dca3106a5c09c156873a
2021-08-12T00:00:00Z,63951214.4067285,64001708.40794794,DAI-USDC 500 10 UNI-V3 LP,DAI,0x6c6bc977e13df9b0de53b251522280bb72383700
2021-08-12T00:00:00Z,49427351.830765,49431864.21670718,DAI-USDC 500 10 UNI-V3 LP,USDC,0x6c6bc977e13df9b0de53b251522280bb72383700
2021-08-17T00:00:00Z,52.0580510254736,52.09523566334017,DAI-USDC 10000 200 UNI-V3 LP,DAI,0x6958686b6348c3d6d5f2dca3106a5c09c156873a
2021-08-17T00:00:00Z,31.270882,31.27365346560267,DAI-USDC 10000 200 UNI-V3 LP,USDC,0x6958686b6348c3d6d5f2dca3106a5c09c156873a
2021-08-14T00:00:00Z,9589.81336426726,9601.129056306916,DAI-USDC 3000 60 UNI-V3 LP,DAI,0xa63b490aa077f541c9d64bfc1cc0db2a752157b5
2021-08-14T00:00:00Z,5588.971079,5588.236755447004,DAI-USDC 3000 60 UNI-V3 LP,USDC,0xa63b490aa077f541c9d64bfc1cc0db2a752157b5
2021-08-16T00:00:00Z,4228.098514,4227.7109610522475,USDC-USDT 3000 60 UNI-V3 LP,USDC,0xee4cf3b78a74affa38c6a926282bcd8b5952818d
2021-08-16T00:00:00Z,14257.337402,14264.3555367731,USDC-USDT 3000 60 UNI-V3 LP,USDT,0xee4cf3b78a74affa38c6a926282bcd8b5952818d
2021-08-23T00:00:00Z,9589.81336426726,9600.368596940669,DAI-USDC 3000 60 UNI-V3 LP,DAI,0xa63b490aa077f541c9d64bfc1cc0db2a752157b5
2021-08-23T00:00:00Z,5588.97108,5589.448501812821,DAI-USDC 3000 60 UNI-V3 LP,USDC,0xa63b490aa077f541c9d64bfc1cc0db2a752157b5
2021-08-23T00:00:00Z,56465686.8950755,56527837.05802467,DAI-USDC 500 10 UNI-V3 LP,DAI,0x6c6bc977e13df9b0de53b251522280bb72383700
2021-08-23T00:00:00Z,38688672.193003,38691977.061779305,DAI-USDC 500 10 UNI-V3 LP,USDC,0x6c6bc977e13df9b0de53b251522280bb72383700
2021-08-25T00:00:00Z,9233141.84826051,9240768.43375581,DAI-USDT 500 10 UNI-V3 LP,DAI,0x6f48eca74b38d2936b02ab603ff4e36a6c0e3a77
2021-08-25T00:00:00Z,14416609.342032,14420868.389146188,DAI-USDT 500 10 UNI-V3 LP,USDT,0x6f48eca74b38d2936b02ab603ff4e36a6c0e3a77
2021-08-20T00:00:00Z,10593979.523679,10599644.315621745,DAI-USDT 500 10 UNI-V3 LP,DAI,0x6f48eca74b38d2936b02ab603ff4e36a6c0e3a77
2021-08-20T00:00:00Z,6560234.34306,6560373.004676135,DAI-USDT 500 10 UNI-V3 LP,USDT,0x6f48eca74b38d2936b02ab603ff4e36a6c0e3a77
2021-08-17T00:00:00Z,9589.81336426726,9596.663289113347,DAI-USDC 3000 60 UNI-V3 LP,DAI,0xa63b490aa077f541c9d64bfc1cc0db2a752157b5
2021-08-17T00:00:00Z,5588.971079,5589.466416518774,DAI-USDC 3000 60 UNI-V3 LP,USDC,0xa63b490aa077f541c9d64bfc1cc0db2a752157b5
2021-08-27T00:00:00Z,4836.778424,4838.049016144173,USDC-USDT 3000 60 UNI-V3 LP,USDC,0xee4cf3b78a74affa38c6a926282bcd8b5952818d
2021-08-27T00:00:00Z,13650.395855,13658.20993642493,USDC-USDT 3000 60 UNI-V3 LP,USDT,0xee4cf3b78a74affa38c6a926282bcd8b5952818d
2021-08-29T00:00:00Z,52.0580510254736,52.08507870094184,DAI-USDC 10000 200 UNI-V3 LP,DAI,0x6958686b6348c3d6d5f2dca3106a5c09c156873a
2021-08-29T00:00:00Z,31.270882,31.27876237899451,DAI-USDC 10000 200 UNI-V3 LP,USDC,0x6958686b6348c3d6d5f2dca3106a5c09c156873a
2021-08-01T00:00:00Z,152.057985108214,152.19472177720803,DAI-USDC 10000 200 UNI-V3 LP,DAI,0x6958686b6348c3d6d5f2dca3106a5c09c156873a
2021-08-01T00:00:00Z,91.340079,91.31479300428074,DAI-USDC 10000 200 UNI-V3 LP,USDC,0x6958686b6348c3d6d5f2dca3106a5c09c156873a
2021-08-04T00:00:00Z,9,9.010555792100078,DAI-USDT 3000 60 UNI-V3 LP,DAI,0x4773e2c1c0b400a16dfec4ca6e305141859a5542
2021-08-04T00:00:00Z,0.000002,0.000002000778109684121,DAI-USDT 3000 60 UNI-V3 LP,USDT,0x4773e2c1c0b400a16dfec4ca6e305141859a5542
2021-08-07T00:00:00Z,8045992.26283455,8053535.788779422,DAI-USDT 500 10 UNI-V3 LP,DAI,0x6f48eca74b38d2936b02ab603ff4e36a6c0e3a77
2021-08-07T00:00:00Z,6499409.413039,6502118.894778464,DAI-USDT 500 10 UNI-V3 LP,USDT,0x6f48eca74b38d2936b02ab603ff4e36a6c0e3a77
2021-08-12T00:00:00Z,10799138.724717,10807665.407579765,DAI-USDT 500 10 UNI-V3 LP,DAI,0x6f48eca74b38d2936b02ab603ff4e36a6c0e3a77
2021-08-12T00:00:00Z,6814199.227649,6818100.462221348,DAI-USDT 500 10 UNI-V3 LP,USDT,0x6f48eca74b38d2936b02ab603ff4e36a6c0e3a77
2021-08-13T00:00:00Z,52.0580510254736,52.16487237162497,DAI-USDC 10000 200 UNI-V3 LP,DAI,0x6958686b6348c3d6d5f2dca3106a5c09c156873a
2021-08-13T00:00:00Z,31.270882,31.270736644888796,DAI-USDC 10000 200 UNI-V3 LP,USDC,0x6958686b6348c3d6d5f2dca3106a5c09c156873a
2021-08-12T00:00:00Z,52.0580510254736,52.09915453408321,DAI-USDC 10000 200 UNI-V3 LP,DAI,0x6958686b6348c3d6d5f2dca3106a5c09c156873a
2021-08-12T00:00:00Z,31.270882,31.27373682193785,DAI-USDC 10000 200 UNI-V3 LP,USDC,0x6958686b6348c3d6d5f2dca3106a5c09c156873a
2021-08-12T00:00:00Z,9589.81336426726,9597.3851993325,DAI-USDC 3000 60 UNI-V3 LP,DAI,0xa63b490aa077f541c9d64bfc1cc0db2a752157b5
2021-08-12T00:00:00Z,5588.971079,5589.481314600209,DAI-USDC 3000 60 UNI-V3 LP,USDC,0xa63b490aa077f541c9d64bfc1cc0db2a752157b5
2021-08-12T00:00:00Z,13412.334799,13413.559255272836,USDC-USDT 10000 200 UNI-V3 LP,USDC,0xbb256c2f1b677e27118b0345fd2b3894d2e6d487
2021-08-12T00:00:00Z,19762.791071,19774.105574905236,USDC-USDT 10000 200 UNI-V3 LP,USDT,0xbb256c2f1b677e27118b0345fd2b3894d2e6d487
2021-08-21T00:00:00Z,13412.334799,13412.689916480585,USDC-USDT 10000 200 UNI-V3 LP,USDC,0xbb256c2f1b677e27118b0345fd2b3894d2e6d487
2021-08-21T00:00:00Z,19762.791071,19773.82102180901,USDC-USDT 10000 200 UNI-V3 LP,USDT,0xbb256c2f1b677e27118b0345fd2b3894d2e6d487
2021-08-24T00:00:00Z,9589.81336426726,9599.63693161266,DAI-USDC 3000 60 UNI-V3 LP,DAI,0xa63b490aa077f541c9d64bfc1cc0db2a752157b5
2021-08-24T00:00:00Z,5588.97108,5590.175670003127,DAI-USDC 3000 60 UNI-V3 LP,USDC,0xa63b490aa077f541c9d64bfc1cc0db2a752157b5
2021-08-24T00:00:00Z,13412.334799,13415.22555727844,USDC-USDT 10000 200 UNI-V3 LP,USDC,0xbb256c2f1b677e27118b0345fd2b3894d2e6d487
2021-08-24T00:00:00Z,19762.791071,19773.137862712054,USDC-USDT 10000 200 UNI-V3 LP,USDT,0xbb256c2f1b677e27118b0345fd2b3894d2e6d487
2021-08-22T00:00:00Z,52.0580510254736,52.0925094232838,DAI-USDC 10000 200 UNI-V3 LP,DAI,0x6958686b6348c3d6d5f2dca3106a5c09c156873a
2021-08-22T00:00:00Z,31.270882,31.275287358171145,DAI-USDC 10000 200 UNI-V3 LP,USDC,0x6958686b6348c3d6d5f2dca3106a5c09c156873a
2021-08-23T00:00:00Z,52.0580510254736,52.11534982996812,DAI-USDC 10000 200 UNI-V3 LP,DAI,0x6958686b6348c3d6d5f2dca3106a5c09c156873a
2021-08-23T00:00:00Z,31.270882,31.27355322533991,DAI-USDC 10000 200 UNI-V3 LP,USDC,0x6958686b6348c3d6d5f2dca3106a5c09c156873a
2021-08-02T00:00:00Z,7897929.10209841,7908351.128528927,DAI-USDT 500 10 UNI-V3 LP,DAI,0x6f48eca74b38d2936b02ab603ff4e36a6c0e3a77
2021-08-02T00:00:00Z,6556671.003422,6559699.39413114,DAI-USDT 500 10 UNI-V3 LP,USDT,0x6f48eca74b38d2936b02ab603ff4e36a6c0e3a77
2021-08-04T00:00:00Z,11320.590151,11323.595393366944,USDC-USDT 10000 200 UNI-V3 LP,USDC,0xbb256c2f1b677e27118b0345fd2b3894d2e6d487
2021-08-04T00:00:00Z,21791.233803,21799.711788025532,USDC-USDT 10000 200 UNI-V3 LP,USDT,0xbb256c2f1b677e27118b0345fd2b3894d2e6d487
2021-08-27T00:00:00Z,9,9.00721983994254,DAI-USDT 3000 60 UNI-V3 LP,DAI,0x4773e2c1c0b400a16dfec4ca6e305141859a5542
2021-08-27T00:00:00Z,0.000002,0.000002001144887153154,DAI-USDT 3000 60 UNI-V3 LP,USDT,0x4773e2c1c0b400a16dfec4ca6e305141859a5542
2021-08-30T00:00:00Z,9589.84597054936,9594.956928089014,DAI-USDC 3000 60 UNI-V3 LP,DAI,0xa63b490aa077f541c9d64bfc1cc0db2a752157b5
2021-08-30T00:00:00Z,5588.998474,5590.721134388339,DAI-USDC 3000 60 UNI-V3 LP,USDC,0xa63b490aa077f541c9d64bfc1cc0db2a752157b5
2021-08-26T00:00:00Z,13412.334799,13415.125326426238,USDC-USDT 10000 200 UNI-V3 LP,USDC,0xbb256c2f1b677e27118b0345fd2b3894d2e6d487
2021-08-26T00:00:00Z,19762.791071,19769.63788273695,USDC-USDT 10000 200 UNI-V3 LP,USDT,0xbb256c2f1b677e27118b0345fd2b3894d2e6d487
2021-08-02T00:00:00Z,71825650.364819,71846609.03250182,USDC-USDT 500 10 UNI-V3 LP,USDC,0x7858e59e0c01ea06df3af3d20ac7b0003275d4bf
2021-08-02T00:00:00Z,55234893.782392,55260405.63727439,USDC-USDT 500 10 UNI-V3 LP,USDT,0x7858e59e0c01ea06df3af3d20ac7b0003275d4bf
2021-08-04T00:00:00Z,9589.79136426726,9601.038902481074,DAI-USDC 3000 60 UNI-V3 LP,DAI,0xa63b490aa077f541c9d64bfc1cc0db2a752157b5
2021-08-04T00:00:00Z,5588.993017,5590.47670984456,DAI-USDC 3000 60 UNI-V3 LP,USDC,0xa63b490aa077f541c9d64bfc1cc0db2a752157b5
2021-08-08T00:00:00Z,3842.709218,3841.0294703313525,USDC-USDT 3000 60 UNI-V3 LP,USDC,0xee4cf3b78a74affa38c6a926282bcd8b5952818d
2021-08-08T00:00:00Z,19643.489872,19648.441745467455,USDC-USDT 3000 60 UNI-V3 LP,USDT,0xee4cf3b78a74affa38c6a926282bcd8b5952818d
2021-08-14T00:00:00Z,63116591.4822023,63191067.166418076,DAI-USDC 500 10 UNI-V3 LP,DAI,0x6c6bc977e13df9b0de53b251522280bb72383700
2021-08-14T00:00:00Z,48016438.167855,48010129.385615975,DAI-USDC 500 10 UNI-V3 LP,USDC,0x6c6bc977e13df9b0de53b251522280bb72383700
2021-08-14T00:00:00Z,9,9.010619729966422,DAI-USDT 3000 60 UNI-V3 LP,DAI,0x4773e2c1c0b400a16dfec4ca6e305141859a5542
2021-08-14T00:00:00Z,0.000002,0.000002000991269162295,DAI-USDT 3000 60 UNI-V3 LP,USDT,0x4773e2c1c0b400a16dfec4ca6e305141859a5542
2021-08-11T00:00:00Z,13412.334799,13410.848685062412,USDC-USDT 10000 200 UNI-V3 LP,USDC,0xbb256c2f1b677e27118b0345fd2b3894d2e6d487
2021-08-11T00:00:00Z,19762.791071,19769.318778172965,USDC-USDT 10000 200 UNI-V3 LP,USDT,0xbb256c2f1b677e27118b0345fd2b3894d2e6d487
2021-08-13T00:00:00Z,9589.81336426726,9609.491334393537,DAI-USDC 3000 60 UNI-V3 LP,DAI,0xa63b490aa077f541c9d64bfc1cc0db2a752157b5
2021-08-13T00:00:00Z,5588.971079,5588.9451000233685,DAI-USDC 3000 60 UNI-V3 LP,USDC,0xa63b490aa077f541c9d64bfc1cc0db2a752157b5
2021-08-26T00:00:00Z,43643252.2100087,43667884.056285135,DAI-USDC 500 10 UNI-V3 LP,DAI,0x6c6bc977e13df9b0de53b251522280bb72383700
2021-08-26T00:00:00Z,49061156.381566,49071363.88864791,DAI-USDC 500 10 UNI-V3 LP,USDC,0x6c6bc977e13df9b0de53b251522280bb72383700
2021-08-19T00:00:00Z,9682.96825151474,9691.875342056303,DAI-USDC 3000 60 UNI-V3 LP,DAI,0xa63b490aa077f541c9d64bfc1cc0db2a752157b5
2021-08-19T00:00:00Z,6092.930082,6093.808688855929,DAI-USDC 3000 60 UNI-V3 LP,USDC,0xa63b490aa077f541c9d64bfc1cc0db2a752157b5
2021-08-23T00:00:00Z,92241417.816595,92249297.27495697,USDC-USDT 500 10 UNI-V3 LP,USDC,0x7858e59e0c01ea06df3af3d20ac7b0003275d4bf
2021-08-23T00:00:00Z,48760434.803172,48792463.98804224,USDC-USDT 500 10 UNI-V3 LP,USDT,0x7858e59e0c01ea06df3af3d20ac7b0003275d4bf
2021-08-25T00:00:00Z,9,9.007434010067833,DAI-USDT 3000 60 UNI-V3 LP,DAI,0x4773e2c1c0b400a16dfec4ca6e305141859a5542
2021-08-25T00:00:00Z,0.000002,0.0000020005908528161016,DAI-USDT 3000 60 UNI-V3 LP,USDT,0x4773e2c1c0b400a16dfec4ca6e305141859a5542
2021-08-01T00:00:00Z,70519043.978098,70499521.94282414,USDC-USDT 500 10 UNI-V3 LP,USDC,0x7858e59e0c01ea06df3af3d20ac7b0003275d4bf
2021-08-01T00:00:00Z,51639714.778939,51652337.529403254,USDC-USDT 500 10 UNI-V3 LP,USDT,0x7858e59e0c01ea06df3af3d20ac7b0003275d4bf
2021-08-08T00:00:00Z,9589.79136426726,9596.100184589834,DAI-USDC 3000 60 UNI-V3 LP,DAI,0xa63b490aa077f541c9d64bfc1cc0db2a752157b5
2021-08-08T00:00:00Z,5588.993017,5586.54992347983,DAI-USDC 3000 60 UNI-V3 LP,USDC,0xa63b490aa077f541c9d64bfc1cc0db2a752157b5
2021-08-31T00:00:00Z,15318831.0200496,15329055.762966676,DAI-USDT 500 10 UNI-V3 LP,DAI,0x6f48eca74b38d2936b02ab603ff4e36a6c0e3a77
2021-08-31T00:00:00Z,12755849.403785,12762629.572873479,DAI-USDT 500 10 UNI-V3 LP,USDT,0x6f48eca74b38d2936b02ab603ff4e36a6c0e3a77
2021-08-03T00:00:00Z,9589.79136426726,9602.31590958232,DAI-USDC 3000 60 UNI-V3 LP,DAI,0xa63b490aa077f541c9d64bfc1cc0db2a752157b5
2021-08-03T00:00:00Z,5588.993017,5590.396644532388,DAI-USDC 3000 60 UNI-V3 LP,USDC,0xa63b490aa077f541c9d64bfc1cc0db2a752157b5
2021-08-01T00:00:00Z,9,9.008093162750187,DAI-USDT 3000 60 UNI-V3 LP,DAI,0x4773e2c1c0b400a16dfec4ca6e305141859a5542
2021-08-01T00:00:00Z,0.000002,0.0000020004888776213537,DAI-USDT 3000 60 UNI-V3 LP,USDT,0x4773e2c1c0b400a16dfec4ca6e305141859a5542
2021-08-28T00:00:00Z,52.0580510254736,52.103436064227296,DAI-USDC 10000 200 UNI-V3 LP,DAI,0x6958686b6348c3d6d5f2dca3106a5c09c156873a
2021-08-28T00:00:00Z,31.270882,31.272281990606988,DAI-USDC 10000 200 UNI-V3 LP,USDC,0x6958686b6348c3d6d5f2dca3106a5c09c156873a
2021-08-08T00:00:00Z,76763580.6883316,76814081.01930696,DAI-USDC 500 10 UNI-V3 LP,DAI,0x6c6bc977e13df9b0de53b251522280bb72383700
2021-08-08T00:00:00Z,37412988.123745,37396633.938191846,DAI-USDC 500 10 UNI-V3 LP,USDC,0x6c6bc977e13df9b0de53b251522280bb72383700
2021-08-04T00:00:00Z,3842.709218,3843.729330237237,USDC-USDT 3000 60 UNI-V3 LP,USDC,0xee4cf3b78a74affa38c6a926282bcd8b5952818d
2021-08-04T00:00:00Z,19643.489872,19651.13226684967,USDC-USDT 3000 60 UNI-V3 LP,USDT,0xee4cf3b78a74affa38c6a926282bcd8b5952818d
2021-08-30T00:00:00Z,57223206.6845657,57253704.085727915,DAI-USDC 500 10 UNI-V3 LP,DAI,0x6c6bc977e13df9b0de53b251522280bb72383700
2021-08-30T00:00:00Z,34861612.902252,34872358.06883233,DAI-USDC 500 10 UNI-V3 LP,USDC,0x6c6bc977e13df9b0de53b251522280bb72383700
2021-08-05T00:00:00Z,85118996.2363894,85210650.40585172,DAI-USDC 500 10 UNI-V3 LP,DAI,0x6c6bc977e13df9b0de53b251522280bb72383700
2021-08-05T00:00:00Z,28669480.98837,28676015.03825197,DAI-USDC 500 10 UNI-V3 LP,USDC,0x6c6bc977e13df9b0de53b251522280bb72383700
2021-08-04T00:00:00Z,9398757.14832451,9409780.629041936,DAI-USDT 500 10 UNI-V3 LP,DAI,0x6f48eca74b38d2936b02ab603ff4e36a6c0e3a77
2021-08-04T00:00:00Z,4926232.975243,4928149.550035138,DAI-USDT 500 10 UNI-V3 LP,USDT,0x6f48eca74b38d2936b02ab603ff4e36a6c0e3a77
2021-08-07T00:00:00Z,52.0580510254736,52.106858089378456,DAI-USDC 10000 200 UNI-V3 LP,DAI,0x6958686b6348c3d6d5f2dca3106a5c09c156873a
2021-08-07T00:00:00Z,31.270882,31.26795731609244,DAI-USDC 10000 200 UNI-V3 LP,USDC,0x6958686b6348c3d6d5f2dca3106a5c09c156873a
2021-08-16T00:00:00Z,7973567.6618805,7980240.609582427,DAI-USDT 500 10 UNI-V3 LP,DAI,0x6f48eca74b38d2936b02ab603ff4e36a6c0e3a77
2021-08-16T00:00:00Z,5553031.595822,5555765.060215801,DAI-USDT 500 10 UNI-V3 LP,USDT,0x6f48eca74b38d2936b02ab603ff4e36a6c0e3a77
2021-08-22T00:00:00Z,9682.96825151474,9689.377626537844,DAI-USDC 3000 60 UNI-V3 LP,DAI,0xa63b490aa077f541c9d64bfc1cc0db2a752157b5
2021-08-22T00:00:00Z,6092.930082,6093.788437684466,DAI-USDC 3000 60 UNI-V3 LP,USDC,0xa63b490aa077f541c9d64bfc1cc0db2a752157b5
2021-08-24T00:00:00Z,4836.778424,4837.820894045648,USDC-USDT 3000 60 UNI-V3 LP,USDC,0xee4cf3b78a74affa38c6a926282bcd8b5952818d
2021-08-24T00:00:00Z,13650.395855,13657.542507625702,USDC-USDT 3000 60 UNI-V3 LP,USDT,0xee4cf3b78a74affa38c6a926282bcd8b5952818d
2021-08-24T00:00:00Z,7077817.05381926,7085067.394346813,DAI-USDT 500 10 UNI-V3 LP,DAI,0x6f48eca74b38d2936b02ab603ff4e36a6c0e3a77
2021-08-24T00:00:00Z,16766217.446644,16774995.384896558,DAI-USDT 500 10 UNI-V3 LP,USDT,0x6f48eca74b38d2936b02ab603ff4e36a6c0e3a77
2021-08-22T00:00:00Z,14273399.9666375,14282847.851920675,DAI-USDT 500 10 UNI-V3 LP,DAI,0x6f48eca74b38d2936b02ab603ff4e36a6c0e3a77
2021-08-22T00:00:00Z,7846243.245901,7852757.846853382,DAI-USDT 500 10 UNI-V3 LP,USDT,0x6f48eca74b38d2936b02ab603ff4e36a6c0e3a77
2021-08-11T00:00:00Z,9094373.33093777,9101517.710199984,DAI-USDT 500 10 UNI-V3 LP,DAI,0x6f48eca74b38d2936b02ab603ff4e36a6c0e3a77
2021-08-11T00:00:00Z,6580394.925786,6582568.449303183,DAI-USDT 500 10 UNI-V3 LP,USDT,0x6f48eca74b38d2936b02ab603ff4e36a6c0e3a77
2021-08-07T00:00:00Z,13393.256521,13392.003884703498,USDC-USDT 10000 200 UNI-V3 LP,USDC,0xbb256c2f1b677e27118b0345fd2b3894d2e6d487
2021-08-07T00:00:00Z,19727.733803,19735.95792477836,USDC-USDT 10000 200 UNI-V3 LP,USDT,0xbb256c2f1b677e27118b0345fd2b3894d2e6d487
2021-08-11T00:00:00Z,4228.098514,4227.630032096938,USDC-USDT 3000 60 UNI-V3 LP,USDC,0xee4cf3b78a74affa38c6a926282bcd8b5952818d
2021-08-11T00:00:00Z,14257.337402,14262.046641868601,USDC-USDT 3000 60 UNI-V3 LP,USDT,0xee4cf3b78a74affa38c6a926282bcd8b5952818d
2021-08-26T00:00:00Z,4836.778424,4837.78474862946,USDC-USDT 3000 60 UNI-V3 LP,USDC,0xee4cf3b78a74affa38c6a926282bcd8b5952818d
2021-08-26T00:00:00Z,13650.395855,13655.125029650397,USDC-USDT 3000 60 UNI-V3 LP,USDT,0xee4cf3b78a74affa38c6a926282bcd8b5952818d
2021-08-28T00:00:00Z,9589.84597054936,9598.206551140485,DAI-USDC 3000 60 UNI-V3 LP,DAI,0xa63b490aa077f541c9d64bfc1cc0db2a752157b5
2021-08-28T00:00:00Z,5588.998474,5589.248692249875,DAI-USDC 3000 60 UNI-V3 LP,USDC,0xa63b490aa077f541c9d64bfc1cc0db2a752157b5
2021-08-28T00:00:00Z,78725646.363612,78729170.8937304,USDC-USDT 500 10 UNI-V3 LP,USDC,0x7858e59e0c01ea06df3af3d20ac7b0003275d4bf
2021-08-28T00:00:00Z,60036812.773404,60071985.75284876,USDC-USDT 500 10 UNI-V3 LP,USDT,0x7858e59e0c01ea06df3af3d20ac7b0003275d4bf
2021-08-08T00:00:00Z,87225481.463256,87187352.94745569,USDC-USDT 500 10 UNI-V3 LP,USDC,0x7858e59e0c01ea06df3af3d20ac7b0003275d4bf
2021-08-08T00:00:00Z,48252112.979211,48264276.72198621,USDC-USDT 500 10 UNI-V3 LP,USDT,0x7858e59e0c01ea06df3af3d20ac7b0003275d4bf
2021-08-07T00:00:00Z,9,9.008437956598273,DAI-USDT 3000 60 UNI-V3 LP,DAI,0x4773e2c1c0b400a16dfec4ca6e305141859a5542
2021-08-07T00:00:00Z,0.000002,0.0000020008337624443317,DAI-USDT 3000 60 UNI-V3 LP,USDT,0x4773e2c1c0b400a16dfec4ca6e305141859a5542
2021-08-30T00:00:00Z,52.0580510254736,52.08579563046574,DAI-USDC 10000 200 UNI-V3 LP,DAI,0x6958686b6348c3d6d5f2dca3106a5c09c156873a
2021-08-30T00:00:00Z,31.270882,31.280520419115774,DAI-USDC 10000 200 UNI-V3 LP,USDC,0x6958686b6348c3d6d5f2dca3106a5c09c156873a
2021-08-04T00:00:00Z,82763535.338302,82860605.85746852,DAI-USDC 500 10 UNI-V3 LP,DAI,0x6c6bc977e13df9b0de53b251522280bb72383700
2021-08-04T00:00:00Z,30711110.228179,30719263.012474034,DAI-USDC 500 10 UNI-V3 LP,USDC,0x6c6bc977e13df9b0de53b251522280bb72383700
2021-08-05T00:00:00Z,9679307.65425554,9689730.109209746,DAI-USDT 500 10 UNI-V3 LP,DAI,0x6f48eca74b38d2936b02ab603ff4e36a6c0e3a77
2021-08-05T00:00:00Z,4536814.388581,4538260.952452498,DAI-USDT 500 10 UNI-V3 LP,USDT,0x6f48eca74b38d2936b02ab603ff4e36a6c0e3a77
2021-08-16T00:00:00Z,52.0580510254736,52.10161755261527,DAI-USDC 10000 200 UNI-V3 LP,DAI,0x6958686b6348c3d6d5f2dca3106a5c09c156873a
2021-08-16T00:00:00Z,31.270882,31.268015670736908,DAI-USDC 10000 200 UNI-V3 LP,USDC,0x6958686b6348c3d6d5f2dca3106a5c09c156873a
2021-08-14T00:00:00Z,4228.098514,4227.542992727957,USDC-USDT 3000 60 UNI-V3 LP,USDC,0xee4cf3b78a74affa38c6a926282bcd8b5952818d
2021-08-14T00:00:00Z,14257.337402,14264.403831451518,USDC-USDT 3000 60 UNI-V3 LP,USDT,0xee4cf3b78a74affa38c6a926282bcd8b5952818d
2021-08-17T00:00:00Z,4228.098514,4228.473240545809,USDC-USDT 3000 60 UNI-V3 LP,USDC,0xee4cf3b78a74affa38c6a926282bcd8b5952818d
2021-08-17T00:00:00Z,14257.337402,14262.04529140152,USDC-USDT 3000 60 UNI-V3 LP,USDT,0xee4cf3b78a74affa38c6a926282bcd8b5952818d
2021-08-25T00:00:00Z,13412.334799,13414.41854346004,USDC-USDT 10000 200 UNI-V3 LP,USDC,0xbb256c2f1b677e27118b0345fd2b3894d2e6d487
2021-08-25T00:00:00Z,19762.791071,19768.629521379164,USDC-USDT 10000 200 UNI-V3 LP,USDT,0xbb256c2f1b677e27118b0345fd2b3894d2e6d487
2021-08-25T00:00:00Z,9589.81336426726,9597.734560833771,DAI-USDC 3000 60 UNI-V3 LP,DAI,0xa63b490aa077f541c9d64bfc1cc0db2a752157b5
2021-08-25T00:00:00Z,5588.97108,5589.839384266171,DAI-USDC 3000 60 UNI-V3 LP,USDC,0xa63b490aa077f541c9d64bfc1cc0db2a752157b5
2021-08-19T00:00:00Z,65526249.687471,65535698.64083891,USDC-USDT 500 10 UNI-V3 LP,USDC,0x7858e59e0c01ea06df3af3d20ac7b0003275d4bf
2021-08-19T00:00:00Z,55722395.914303,55736346.45461703,USDC-USDT 500 10 UNI-V3 LP,USDT,0x7858e59e0c01ea06df3af3d20ac7b0003275d4bf
2021-08-23T00:00:00Z,4836.778424,4837.191591914155,USDC-USDT 3000 60 UNI-V3 LP,USDC,0xee4cf3b78a74affa38c6a926282bcd8b5952818d
2021-08-23T00:00:00Z,13650.395855,13659.362367586622,USDC-USDT 3000 60 UNI-V3 LP,USDT,0xee4cf3b78a74affa38c6a926282bcd8b5952818d
2021-08-02T00:00:00Z,152.057985108214,152.25863926948625,DAI-USDC 10000 200 UNI-V3 LP,DAI,0x6958686b6348c3d6d5f2dca3106a5c09c156873a
2021-08-02T00:00:00Z,91.340079,91.36673196244669,DAI-USDC 10000 200 UNI-V3 LP,USDC,0x6958686b6348c3d6d5f2dca3106a5c09c156873a
2021-08-09T00:00:00Z,117333502.663058,117296235.62393881,USDC-USDT 500 10 UNI-V3 LP,USDC,0x7858e59e0c01ea06df3af3d20ac7b0003275d4bf
2021-08-09T00:00:00Z,17730088.989592,17734679.541637283,USDC-USDT 500 10 UNI-V3 LP,USDT,0x7858e59e0c01ea06df3af3d20ac7b0003275d4bf
2021-08-19T00:00:00Z,9,9.00827884722864,DAI-USDT 3000 60 UNI-V3 LP,DAI,0x4773e2c1c0b400a16dfec4ca6e305141859a5542
2021-08-19T00:00:00Z,0.000002,0.0000020005007157386228,DAI-USDT 3000 60 UNI-V3 LP,USDT,0x4773e2c1c0b400a16dfec4ca6e305141859a5542
2021-08-31T00:00:00Z,4836.778424,4837.821805802947,USDC-USDT 3000 60 UNI-V3 LP,USDC,0xee4cf3b78a74affa38c6a926282bcd8b5952818d
2021-08-31T00:00:00Z,13650.395855,13657.651506042268,USDC-USDT 3000 60 UNI-V3 LP,USDT,0xee4cf3b78a74affa38c6a926282bcd8b5952818d
2021-08-28T00:00:00Z,13412.334799,13412.93526632089,USDC-USDT 10000 200 UNI-V3 LP,USDC,0xbb256c2f1b677e27118b0345fd2b3894d2e6d487
2021-08-28T00:00:00Z,19762.791071,19774.369237994553,USDC-USDT 10000 200 UNI-V3 LP,USDT,0xbb256c2f1b677e27118b0345fd2b3894d2e6d487
2021-08-31T00:00:00Z,70528534.612821,70543748.91108994,USDC-USDT 500 10 UNI-V3 LP,USDC,0x7858e59e0c01ea06df3af3d20ac7b0003275d4bf
2021-08-31T00:00:00Z,61340871.232049,61373475.99758226,USDC-USDT 500 10 UNI-V3 LP,USDT,0x7858e59e0c01ea06df3af3d20ac7b0003275d4bf
2021-08-02T00:00:00Z,3842.709218,3843.8305174952734,USDC-USDT 3000 60 UNI-V3 LP,USDC,0xee4cf3b78a74affa38c6a926282bcd8b5952818d
2021-08-02T00:00:00Z,19643.489872,19652.56279363849,USDC-USDT 3000 60 UNI-V3 LP,USDT,0xee4cf3b78a74affa38c6a926282bcd8b5952818d
2021-08-29T00:00:00Z,54836656.0689669,54865126.3500243,DAI-USDC 500 10 UNI-V3 LP,DAI,0x6c6bc977e13df9b0de53b251522280bb72383700
2021-08-29T00:00:00Z,37653187.059359,37662675.80305286,DAI-USDC 500 10 UNI-V3 LP,USDC,0x6c6bc977e13df9b0de53b251522280bb72383700
2021-08-31T00:00:00Z,9,9.006007161129542,DAI-USDT 3000 60 UNI-V3 LP,DAI,0x4773e2c1c0b400a16dfec4ca6e305141859a5542
2021-08-31T00:00:00Z,0.000002,0.000002001063068224444,DAI-USDT 3000 60 UNI-V3 LP,USDT,0x4773e2c1c0b400a16dfec4ca6e305141859a5542
2021-08-02T00:00:00Z,9,9.01187630791086,DAI-USDT 3000 60 UNI-V3 LP,DAI,0x4773e2c1c0b400a16dfec4ca6e305141859a5542
2021-08-02T00:00:00Z,0.000002,0.0000020009237586292063,DAI-USDT 3000 60 UNI-V3 LP,USDT,0x4773e2c1c0b400a16dfec4ca6e305141859a5542
2021-08-05T00:00:00Z,11320.590151,11323.17022214848,USDC-USDT 10000 200 UNI-V3 LP,USDC,0xbb256c2f1b677e27118b0345fd2b3894d2e6d487
2021-08-05T00:00:00Z,21791.233803,21798.18194079777,USDC-USDT 10000 200 UNI-V3 LP,USDT,0xbb256c2f1b677e27118b0345fd2b3894d2e6d487
2021-08-09T00:00:00Z,9589.79136426726,9599.069893354532,DAI-USDC 3000 60 UNI-V3 LP,DAI,0xa63b490aa077f541c9d64bfc1cc0db2a752157b5
2021-08-09T00:00:00Z,5588.993017,5587.217861424873,DAI-USDC 3000 60 UNI-V3 LP,USDC,0xa63b490aa077f541c9d64bfc1cc0db2a752157b5
2021-08-09T00:00:00Z,4229.119817,4227.776579390257,USDC-USDT 3000 60 UNI-V3 LP,USDC,0xee4cf3b78a74affa38c6a926282bcd8b5952818d
2021-08-09T00:00:00Z,19258.54743,19263.533719936044,USDC-USDT 3000 60 UNI-V3 LP,USDT,0xee4cf3b78a74affa38c6a926282bcd8b5952818d
2021-08-29T00:00:00Z,9,9.00467265052038,DAI-USDT 3000 60 UNI-V3 LP,DAI,0x4773e2c1c0b400a16dfec4ca6e305141859a5542
2021-08-29T00:00:00Z,0.000002,0.0000020016798640921026,DAI-USDT 3000 60 UNI-V3 LP,USDT,0x4773e2c1c0b400a16dfec4ca6e305141859a5542
2021-08-04T00:00:00Z,62145571.905314,62162069.49979597,USDC-USDT 500 10 UNI-V3 LP,USDC,0x7858e59e0c01ea06df3af3d20ac7b0003275d4bf
2021-08-04T00:00:00Z,70129796.619295,70157080.95624247,USDC-USDT 500 10 UNI-V3 LP,USDT,0x7858e59e0c01ea06df3af3d20ac7b0003275d4bf
2021-08-13T00:00:00Z,61075552.2259154,61200877.17714183,DAI-USDC 500 10 UNI-V3 LP,DAI,0x6c6bc977e13df9b0de53b251522280bb72383700
2021-08-13T00:00:00Z,50258738.090296,50258504.47474067,DAI-USDC 500 10 UNI-V3 LP,USDC,0x6c6bc977e13df9b0de53b251522280bb72383700
2021-08-12T00:00:00Z,9,9.007106135750366,DAI-USDT 3000 60 UNI-V3 LP,DAI,0x4773e2c1c0b400a16dfec4ca6e305141859a5542
2021-08-12T00:00:00Z,0.000002,0.000002001145030969015,DAI-USDT 3000 60 UNI-V3 LP,USDT,0x4773e2c1c0b400a16dfec4ca6e305141859a5542
2021-08-18T00:00:00Z,9,9.004285606476229,DAI-USDT 3000 60 UNI-V3 LP,DAI,0x4773e2c1c0b400a16dfec4ca6e305141859a5542
2021-08-18T00:00:00Z,0.000002,0.0000020006867821529787,DAI-USDT 3000 60 UNI-V3 LP,USDT,0x4773e2c1c0b400a16dfec4ca6e305141859a5542
2021-08-18T00:00:00Z,8791369.73929278,8795556.000524962,DAI-USDT 500 10 UNI-V3 LP,DAI,0x6f48eca74b38d2936b02ab603ff4e36a6c0e3a77
2021-08-18T00:00:00Z,6942647.140678,6945031.183753323,DAI-USDT 500 10 UNI-V3 LP,USDT,0x6f48eca74b38d2936b02ab603ff4e36a6c0e3a77
2021-08-26T00:00:00Z,8789627.83218169,8794588.616509758,DAI-USDT 500 10 UNI-V3 LP,DAI,0x6f48eca74b38d2936b02ab603ff4e36a6c0e3a77
2021-08-26T00:00:00Z,14640543.5498,14645615.760757044,DAI-USDT 500 10 UNI-V3 LP,USDT,0x6f48eca74b38d2936b02ab603ff4e36a6c0e3a77
2021-08-21T00:00:00Z,52.0580510254736,52.098757540969295,DAI-USDC 10000 200 UNI-V3 LP,DAI,0x6958686b6348c3d6d5f2dca3106a5c09c156873a
2021-08-21T00:00:00Z,31.270882,31.271709957025973,DAI-USDC 10000 200 UNI-V3 LP,USDC,0x6958686b6348c3d6d5f2dca3106a5c09c156873a
2021-08-09T00:00:00Z,13403.256521,13398.99942755477,USDC-USDT 10000 200 UNI-V3 LP,USDC,0xbb256c2f1b677e27118b0345fd2b3894d2e6d487
2021-08-09T00:00:00Z,19717.791073,19722.89626712462,USDC-USDT 10000 200 UNI-V3 LP,USDT,0xbb256c2f1b677e27118b0345fd2b3894d2e6d487
2021-08-18T00:00:00Z,9589.81336426726,9594.379827185008,DAI-USDC 3000 60 UNI-V3 LP,DAI,0xa63b490aa077f541c9d64bfc1cc0db2a752157b5
2021-08-18T00:00:00Z,5588.971079,5589.885723527923,DAI-USDC 3000 60 UNI-V3 LP,USDC,0xa63b490aa077f541c9d64bfc1cc0db2a752157b5
2021-08-01T00:00:00Z,3782.709218,3781.6620372865527,USDC-USDT 3000 60 UNI-V3 LP,USDC,0xee4cf3b78a74affa38c6a926282bcd8b5952818d
2021-08-01T00:00:00Z,19703.436441,19708.252725569884,USDC-USDT 3000 60 UNI-V3 LP,USDT,0xee4cf3b78a74affa38c6a926282bcd8b5952818d
2021-08-01T00:00:00Z,11320.590151,11317.456232163586,USDC-USDT 10000 200 UNI-V3 LP,USDC,0xbb256c2f1b677e27118b0345fd2b3894d2e6d487
2021-08-01T00:00:00Z,21791.233803,21796.560426273983,USDC-USDT 10000 200 UNI-V3 LP,USDT,0xbb256c2f1b677e27118b0345fd2b3894d2e6d487
2021-08-31T00:00:00Z,69952647.5447298,69999338.30308972,DAI-USDC 500 10 UNI-V3 LP,DAI,0x6c6bc977e13df9b0de53b251522280bb72383700
2021-08-31T00:00:00Z,23379678.205141,23384721.630466618,DAI-USDC 500 10 UNI-V3 LP,USDC,0x6c6bc977e13df9b0de53b251522280bb72383700
2021-08-27T00:00:00Z,73508229.915483,73527540.07842104,USDC-USDT 500 10 UNI-V3 LP,USDC,0x7858e59e0c01ea06df3af3d20ac7b0003275d4bf
2021-08-27T00:00:00Z,65618788.820788,65656351.87495123,USDC-USDT 500 10 UNI-V3 LP,USDT,0x7858e59e0c01ea06df3af3d20ac7b0003275d4bf
2021-08-07T00:00:00Z,75293988.192065,75286946.1420326,USDC-USDT 500 10 UNI-V3 LP,USDC,0x7858e59e0c01ea06df3af3d20ac7b0003275d4bf
2021-08-07T00:00:00Z,61806950.293041,61832716.450017504,USDC-USDT 500 10 UNI-V3 LP,USDT,0x7858e59e0c01ea06df3af3d20ac7b0003275d4bf
2021-08-08T00:00:00Z,13403.256521,13397.397610628126,USDC-USDT 10000 200 UNI-V3 LP,USDC,0xbb256c2f1b677e27118b0345fd2b3894d2e6d487
2021-08-08T00:00:00Z,19717.791073,19722.761676853363,USDC-USDT 10000 200 UNI-V3 LP,USDT,0xbb256c2f1b677e27118b0345fd2b3894d2e6d487
2021-08-07T00:00:00Z,3842.709218,3842.349819444778,USDC-USDT 3000 60 UNI-V3 LP,USDC,0xee4cf3b78a74affa38c6a926282bcd8b5952818d
2021-08-07T00:00:00Z,19643.489872,19651.67887406544,USDC-USDT 3000 60 UNI-V3 LP,USDT,0xee4cf3b78a74affa38c6a926282bcd8b5952818d
2021-08-27T00:00:00Z,9589.84597054936,9597.538987547247,DAI-USDC 3000 60 UNI-V3 LP,DAI,0xa63b490aa077f541c9d64bfc1cc0db2a752157b5
2021-08-27T00:00:00Z,5588.998474,5590.466669756006,DAI-USDC 3000 60 UNI-V3 LP,USDC,0xa63b490aa077f541c9d64bfc1cc0db2a752157b5
2021-08-19T00:00:00Z,4228.098514,4228.708210203953,USDC-USDT 3000 60 UNI-V3 LP,USDC,0xee4cf3b78a74affa38c6a926282bcd8b5952818d
2021-08-19T00:00:00Z,14257.337402,14260.906838614017,USDC-USDT 3000 60 UNI-V3 LP,USDT,0xee4cf3b78a74affa38c6a926282bcd8b5952818d
2021-08-24T00:00:00Z,83402381.402879,83420357.10420878,USDC-USDT 500 10 UNI-V3 LP,USDC,0x7858e59e0c01ea06df3af3d20ac7b0003275d4bf
2021-08-24T00:00:00Z,56122298.319903,56151681.09934097,USDC-USDT 500 10 UNI-V3 LP,USDT,0x7858e59e0c01ea06df3af3d20ac7b0003275d4bf
2021-08-22T00:00:00Z,86968498.042447,86980749.93171202,USDC-USDT 500 10 UNI-V3 LP,USDC,0x7858e59e0c01ea06df3af3d20ac7b0003275d4bf
2021-08-22T00:00:00Z,54668783.878631,54714174.43056264,USDC-USDT 500 10 UNI-V3 LP,USDT,0x7858e59e0c01ea06df3af3d20ac7b0003275d4bf
2021-08-21T00:00:00Z,9682.96825151474,9690.539796922418,DAI-USDC 3000 60 UNI-V3 LP,DAI,0xa63b490aa077f541c9d64bfc1cc0db2a752157b5
2021-08-21T00:00:00Z,6092.930082,6093.091404097348,DAI-USDC 3000 60 UNI-V3 LP,USDC,0xa63b490aa077f541c9d64bfc1cc0db2a752157b5
2021-08-02T00:00:00Z,56962081.1859422,57037247.76543194,DAI-USDC 500 10 UNI-V3 LP,DAI,0x6c6bc977e13df9b0de53b251522280bb72383700
2021-08-02T00:00:00Z,57331952.176113,57348681.59418528,DAI-USDC 500 10 UNI-V3 LP,USDC,0x6c6bc977e13df9b0de53b251522280bb72383700
2021-08-06T00:00:00Z,9589.79136426726,9599.599408958997,DAI-USDC 3000 60 UNI-V3 LP,DAI,0xa63b490aa077f541c9d64bfc1cc0db2a752157b5
2021-08-06T00:00:00Z,5588.993017,5589.965231953129,DAI-USDC 3000 60 UNI-V3 LP,USDC,0xa63b490aa077f541c9d64bfc1cc0db2a752157b5
